name,light_years_from_earth,planet_mass,stellar_magnitude,discovery_date
11 Comae Berenices b,,,,
11 Ursae Minoris b,,,,
14 Andromedae b,,,,
14 Herculis b,,,,
16 Cygni B b,,,,
18 Delphini b,,,,
1RXS J160929.1-210524 b,,,,
24 Bootis b,,,,
24 Sextantis b,,,,
24 Sextantis c,,,,
11 Comae Berenices b,,,,
11 Ursae Minoris b,,,,
14 Andromedae b,,,,
14 Herculis b,,,,
16 Cygni B b,,,,
18 Delphini b,,,,
1RXS J160929.1-210524 b,,,,
24 Bootis b,,,,
24 Sextantis b,,,,
24 Sextantis c,,,,
2MASS J01033563-5515561 AB b,,,,
2MASS J01225093-2439505 b,,,,
2MASS J02192210-3925225 b,,,,
2MASS J04414489+2301513 b,,,,
2MASS J12073346-3932539 b,,,,
2MASS J19383260+4603591 b,,,,
2MASS J21402931+1625183 A b,,,,
2MASS J22362452+4751425 b,,,,
30 Arietis B b,,,,
42 Draconis b,,,,
2MASS J01033563-5515561 AB b,,,,
2MASS J01225093-2439505 b,,,,
2MASS J02192210-3925225 b,,,,
2MASS J04414489+2301513 b,,,,
2MASS J12073346-3932539 b,,,,
2MASS J19383260+4603591 b,,,,
2MASS J21402931+1625183 A b,,,,
2MASS J22362452+4751425 b,,,,
30 Arietis B b,,,,
42 Draconis b,,,,
55 Cancri f,,,,
61 Virginis b,,,,
61 Virginis c,,,,
61 Virginis d,,,,
6 Lyncis b,,,,
70 Virginis b,,,,
75 Ceti b,,,,
7 Canis Majoris b,,,,
7 Canis Majoris c,,,,
81 Ceti b,,,,
55 Cancri f,,,,
61 Virginis b,,,,
61 Virginis c,,,,
61 Virginis d,,,,
6 Lyncis b,,,,
70 Virginis b,,,,
75 Ceti b,,,,
7 Canis Majoris b,,,,
7 Canis Majoris c,,,,
81 Ceti b,,,,
55 Cancri f,,,,
61 Virginis b,,,,
61 Virginis c,,,,
61 Virginis d,,,,
6 Lyncis b,,,,
70 Virginis b,,,,
75 Ceti b,,,,
7 Canis Majoris b,,,,
7 Canis Majoris c,,,,
81 Ceti b,,,,
55 Cancri f,,,,
61 Virginis b,,,,
61 Virginis c,,,,
61 Virginis d,,,,
6 Lyncis b,,,,
70 Virginis b,,,,
75 Ceti b,,,,
7 Canis Majoris b,,,,
7 Canis Majoris c,,,,
81 Ceti b,,,,
55 Cancri f,,,,
61 Virginis b,,,,
61 Virginis c,,,,
61 Virginis d,,,,
6 Lyncis b,,,,
70 Virginis b,,,,
75 Ceti b,,,,
7 Canis Majoris b,,,,
7 Canis Majoris c,,,,
81 Ceti b,,,,
55 Cancri f,,,,
61 Virginis b,,,,
61 Virginis c,,,,
61 Virginis d,,,,
6 Lyncis b,,,,
70 Virginis b,,,,
75 Ceti b,,,,
7 Canis Majoris b,,,,
7 Canis Majoris c,,,,
81 Ceti b,,,,
55 Cancri f,,,,
61 Virginis b,,,,
61 Virginis c,,,,
61 Virginis d,,,,
6 Lyncis b,,,,
70 Virginis b,,,,
75 Ceti b,,,,
7 Canis Majoris b,,,,
7 Canis Majoris c,,,,
81 Ceti b,,,,
55 Cancri f,,,,
61 Virginis b,,,,
61 Virginis c,,,,
61 Virginis d,,,,
6 Lyncis b,,,,
70 Virginis b,,,,
75 Ceti b,,,,
7 Canis Majoris b,,,,
7 Canis Majoris c,,,,
81 Ceti b,,,,
55 Cancri f,,,,
61 Virginis b,,,,
61 Virginis c,,,,
61 Virginis d,,,,
6 Lyncis b,,,,
70 Virginis b,,,,
75 Ceti b,,,,
7 Canis Majoris b,,,,
7 Canis Majoris c,,,,
81 Ceti b,,,,
55 Cancri f,,,,
61 Virginis b,,,,
61 Virginis c,,,,
61 Virginis d,,,,
6 Lyncis b,,,,
70 Virginis b,,,,
75 Ceti b,,,,
7 Canis Majoris b,,,,
7 Canis Majoris c,,,,
81 Ceti b,,,,
55 Cancri f,,,,
61 Virginis b,,,,
61 Virginis c,,,,
61 Virginis d,,,,
6 Lyncis b,,,,
70 Virginis b,,,,
75 Ceti b,,,,
7 Canis Majoris b,,,,
7 Canis Majoris c,,,,
81 Ceti b,,,,
55 Cancri f,,,,
61 Virginis b,,,,
61 Virginis c,,,,
61 Virginis d,,,,
6 Lyncis b,,,,
70 Virginis b,,,,
75 Ceti b,,,,
7 Canis Majoris b,,,,
7 Canis Majoris c,,,,
81 Ceti b,,,,
55 Cancri f,,,,
61 Virginis b,,,,
61 Virginis c,,,,
61 Virginis d,,,,
6 Lyncis b,,,,
70 Virginis b,,,,
75 Ceti b,,,,
7 Canis Majoris b,,,,
7 Canis Majoris c,,,,
81 Ceti b,,,,
55 Cancri f,,,,
61 Virginis b,,,,
61 Virginis c,,,,
61 Virginis d,,,,
6 Lyncis b,,,,
70 Virginis b,,,,
75 Ceti b,,,,
7 Canis Majoris b,,,,
7 Canis Majoris c,,,,
81 Ceti b,,,,
55 Cancri f,,,,
61 Virginis b,,,,
61 Virginis c,,,,
61 Virginis d,,,,
6 Lyncis b,,,,
70 Virginis b,,,,
75 Ceti b,,,,
7 Canis Majoris b,,,,
7 Canis Majoris c,,,,
81 Ceti b,,,,
55 Cancri f,,,,
61 Virginis b,,,,
61 Virginis c,,,,
61 Virginis d,,,,
6 Lyncis b,,,,
70 Virginis b,,,,
75 Ceti b,,,,
7 Canis Majoris b,,,,
7 Canis Majoris c,,,,
81 Ceti b,,,,
CFBDSIR J145829+101343 b,,,,
CHXR 73 b,,,,
CI Tauri b,,,,
CoRoT-10 b,,,,
CoRoT-11 b,,,,
CoRoT-12 b,,,,
CoRoT-13 b,,,,
CoRoT-14 b,,,,
CoRoT-16 b,,,,
CoRoT-17 b,,,,
CoRoT-18 b,,,,
CoRoT-19 b,,,,
CoRoT-1 b,,,,
CoRoT-20 b,,,,
CoRoT-20 c,,,,
CoRoT-21 b,,,,
CoRoT-22 b,,,,
CoRoT-23 b,,,,
CoRoT-24 b,,,,
CoRoT-24 c,,,,
CoRoT-18 b,,,,
CoRoT-19 b,,,,
CoRoT-1 b,,,,
CoRoT-20 b,,,,
CoRoT-20 c,,,,
CoRoT-21 b,,,,
CoRoT-22 b,,,,
CoRoT-23 b,,,,
CoRoT-24 b,,,,
CoRoT-24 c,,,,
CoRoT-18 b,,,,
CoRoT-19 b,,,,
CoRoT-1 b,,,,
CoRoT-20 b,,,,
CoRoT-20 c,,,,
CoRoT-21 b,,,,
CoRoT-22 b,,,,
CoRoT-23 b,,,,
CoRoT-24 b,,,,
CoRoT-24 c,,,,
CoRoT-25 b,,,,
CoRoT-26 b,,,,
CoRoT-27 b,,,,
CoRoT-28 b,,,,
CoRoT-29 b,,,,
CoRoT-2 b,,,,
CoRoT-30 b,,,,
CoRoT-31 b,,,,
CoRoT-3 b,,,,
CoRoT-4 b,,,,
CoRoT-25 b,,,,
CoRoT-26 b,,,,
CoRoT-27 b,,,,
CoRoT-28 b,,,,
CoRoT-29 b,,,,
CoRoT-2 b,,,,
CoRoT-30 b,,,,
CoRoT-31 b,,,,
CoRoT-3 b,,,,
CoRoT-4 b,,,,
CoRoT-25 b,,,,
CoRoT-26 b,,,,
CoRoT-27 b,,,,
CoRoT-28 b,,,,
CoRoT-29 b,,,,
CoRoT-2 b,,,,
CoRoT-30 b,,,,
CoRoT-31 b,,,,
CoRoT-3 b,,,,
CoRoT-4 b,,,,
CoRoT-25 b,,,,
CoRoT-26 b,,,,
CoRoT-27 b,,,,
CoRoT-28 b,,,,
CoRoT-29 b,,,,
CoRoT-2 b,,,,
CoRoT-30 b,,,,
CoRoT-31 b,,,,
CoRoT-3 b,,,,
CoRoT-4 b,,,,
GJ 1061 c,,,,
GJ 1061 d,,,,
GJ 1132 b,,,,
GJ 1132 c,,,,
GJ 1148 b,,,,
GJ 1148 c,,,,
GJ 1151 b,,,,
GJ 1214 b,,,,
GJ 1252 b,,,,
GJ 1265 b,,,,
Epsilon Eridani b,,,,
Epsilon Indi A b,,,,
Epsilon Tauri b,,,,
FU Tauri b,,,,
G 9-40 b,,,,
Gamma 1 Leonis b,,,,
Gamma Cephei b,,,,
Gamma Librae b,,,,
Gamma Librae c,,,,
GJ 1061 b,,,,
EPIC 206042996 b,,,,
EPIC 206215704 b,,,,
EPIC 206317286 b,,,,
EPIC 211822797 b,,,,
EPIC 211945201 b,,,,
EPIC 212297394 b,,,,
EPIC 212424622 b,,,,
EPIC 212499991 b,,,,
EPIC 212587672 b,,,,
EPIC 212737443 b,,,,
EPIC 212737443 c,,,,
EPIC 220554210 c,,,,
EPIC 220674823 b,,,,
EPIC 220674823 c,,,,
EPIC 246851721 b,,,,
EPIC 248847494 b,,,,
EPIC 249893012 b,,,,
EPIC 249893012 c,,,,
EPIC 249893012 d,,,,
Epsilon Coronae Borealis b,,,,
Epsilon Eridani b,,,,
Epsilon Indi A b,,,,
Epsilon Tauri b,,,,
FU Tauri b,,,,
G 9-40 b,,,,
Gamma 1 Leonis b,,,,
Gamma Cephei b,,,,
Gamma Librae b,,,,
Gamma Librae c,,,,
GJ 1061 b,,,,
GJ 1061 c,,,,
GJ 1061 d,,,,
GJ 1132 b,,,,
GJ 1132 c,,,,
GJ 1148 b,,,,
GJ 1148 c,,,,
GJ 1151 b,,,,
GJ 1214 b,,,,
GJ 1252 b,,,,
GJ 1265 b,,,,
GJ 143 b,,,,
GJ 15 A b,,,,
GJ 15 A c,,,,
GJ 160.2 b,,,,
GJ 163 b,,,,
GJ 163 c,,,,
GJ 163 d,,,,
GJ 179 b,,,,
GJ 180 b,,,,
GJ 180 c,,,,
GJ 180 d,,,,
GJ 2056 b,,,,
GJ 229 A c,,,,
GJ 229 b,,,,
GJ 251 b,,,,
GJ 27.1 b,,,,
GJ 273 b,,,,
GJ 273 c,,,,
GJ 3021 b,,,,
GJ 3082 b,,,,
GJ 3138 b,,,,
GJ 3138 c,,,,
GJ 3138 d,,,,
GJ 317 b,,,,
GJ 317 c,,,,
GJ 328 b,,,,
GJ 3293 b,,,,
GJ 3293 c,,,,
GJ 3293 d,,,,
GJ 3293 e,,,,
GJ 3138 b,,,,
GJ 3138 c,,,,
GJ 3138 d,,,,
GJ 317 b,,,,
GJ 317 c,,,,
GJ 328 b,,,,
GJ 3293 b,,,,
GJ 3293 c,,,,
GJ 3293 d,,,,
GJ 3293 e,,,,
GJ 3138 b,,,,
GJ 3138 c,,,,
GJ 3138 d,,,,
GJ 317 b,,,,
GJ 317 c,,,,
GJ 328 b,,,,
GJ 3293 b,,,,
GJ 3293 c,,,,
GJ 3293 d,,,,
GJ 3293 e,,,,
GJ 3138 b,,,,
GJ 3138 c,,,,
GJ 3138 d,,,,
GJ 317 b,,,,
GJ 317 c,,,,
GJ 328 b,,,,
GJ 3293 b,,,,
GJ 3293 c,,,,
GJ 3293 d,,,,
GJ 3293 e,,,,
GJ 3138 b,,,,
GJ 3138 c,,,,
GJ 3138 d,,,,
GJ 317 b,,,,
GJ 317 c,,,,
GJ 328 b,,,,
GJ 3293 b,,,,
GJ 3293 c,,,,
GJ 3293 d,,,,
GJ 3293 e,,,,
GJ 3138 b,,,,
GJ 3138 c,,,,
GJ 3138 d,,,,
GJ 317 b,,,,
GJ 317 c,,,,
GJ 328 b,,,,
GJ 3293 b,,,,
GJ 3293 c,,,,
GJ 3293 d,,,,
GJ 3293 e,,,,
GJ 3138 b,,,,
GJ 3138 c,,,,
GJ 3138 d,,,,
GJ 317 b,,,,
GJ 317 c,,,,
GJ 328 b,,,,
GJ 3293 b,,,,
GJ 3293 c,,,,
GJ 3293 d,,,,
GJ 3293 e,,,,
GJ 3323 b,,,,
GJ 3323 c,,,,
GJ 3341 b,,,,
GJ 338 B b,,,,
GJ 3470 b,,,,
GJ 3473 b,,,,
GJ 3473 c,,,,
GJ 3512 b,,,,
GJ 357 b,,,,
GJ 357 c,,,,
GJ 357 d,,,,
GJ 3634 b,,,,
GJ 3779 b,,,,
GJ 3942 b,,,,
GJ 3998 b,,,,
GJ 3998 c,,,,
GJ 411 b,,,,
GJ 414 A b,,,,
GJ 414 A c,,,,
GJ 422 b,,,,
GJ 4276 b,,,,
GJ 433 b,,,,
GJ 433 c,,,,
GJ 433 d,,,,
GJ 436 b,,,,
GJ 480 b,,,,
GJ 486 b,,,,
GJ 504 b,,,,
GJ 536 b,,,,
GJ 581 b,,,,
GJ 581 c,,,,
GJ 581 e,,,,
GJ 625 b,,,,
GJ 649 b,,,,
GJ 667 C b,,,,
GJ 667 C c,,,,
GJ 667 C e,,,,
GJ 667 C f,,,,
GJ 667 C g,,,,
GJ 674 b,,,,
GJ 676 A b,,,,
GJ 676 A c,,,,
GJ 676 A d,,,,
GJ 676 A e,,,,
GJ 682 b,,,,
GJ 682 c,,,,
GJ 685 b,,,,
GJ 687 b,,,,
GJ 687 c,,,,
GJ 740 b,,,,
GJ 832 b,,,,
GJ 832 c,,,,
GJ 849 b,,,,
GJ 86 b,,,,
GJ 876 b,,,,
GJ 876 c,,,,
GJ 876 d,,,,
GJ 876 e,,,,
GJ 887 b,,,,
GJ 887 c,,,,
GJ 832 b,,,,
GJ 832 c,,,,
GJ 849 b,,,,
GJ 86 b,,,,
GJ 876 b,,,,
GJ 876 c,,,,
GJ 876 d,,,,
GJ 876 e,,,,
GJ 887 b,,,,
GJ 887 c,,,,
GJ 832 b,,,,
GJ 832 c,,,,
GJ 849 b,,,,
GJ 86 b,,,,
GJ 876 b,,,,
GJ 876 c,,,,
GJ 876 d,,,,
GJ 876 e,,,,
GJ 887 b,,,,
GJ 887 c,,,,
GJ 832 b,,,,
GJ 832 c,,,,
GJ 849 b,,,,
GJ 86 b,,,,
GJ 876 b,,,,
GJ 876 c,,,,
GJ 876 d,,,,
GJ 876 e,,,,
GJ 887 b,,,,
GJ 887 c,,,,
GJ 832 b,,,,
GJ 832 c,,,,
GJ 849 b,,,,
GJ 86 b,,,,
GJ 876 b,,,,
GJ 876 c,,,,
GJ 876 d,,,,
GJ 876 e,,,,
GJ 887 b,,,,
GJ 887 c,,,,
GJ 9066 b,,,,
GJ 9066 c,,,,
GJ 96 b,,,,
GJ 9827 b,,,,
GJ 9827 c,,,,
GJ 9827 d,,,,
Gl 378 b,,,,
Gl 49 b,,,,
Gl 686 b,,,,
GQ Lupi b,,,,
GSC 06214-00210 b,,,,
GU Piscium b,,,,
HAT-P-11 b,,,,
HAT-P-11 c,,,,
HAT-P-12 b,,,,
HAT-P-13 b,,,,
HAT-P-13 c,,,,
HAT-P-14 b,,,,
HAT-P-15 b,,,,
HAT-P-16 b,,,,
HAT-P-17 b,,,,
HAT-P-17 c,,,,
HAT-P-18 b,,,,
HAT-P-19 b,,,,
HAT-P-1 b,,,,
HAT-P-20 b,,,,
HAT-P-21 b,,,,
HAT-P-22 b,,,,
HAT-P-23 b,,,,
HAT-P-24 b,,,,
HAT-P-25 b,,,,
HAT-P-26 b,,,,
HAT-P-27 b,,,,
HAT-P-28 b,,,,
HAT-P-29 b,,,,
HAT-P-2 b,,,,
HAT-P-30 b,,,,
HAT-P-31 b,,,,
HAT-P-32 b,,,,
HAT-P-33 b,,,,
HAT-P-25 b,,,,
HAT-P-26 b,,,,
HAT-P-27 b,,,,
HAT-P-28 b,,,,
HAT-P-29 b,,,,
HAT-P-2 b,,,,
HAT-P-30 b,,,,
HAT-P-31 b,,,,
HAT-P-32 b,,,,
HAT-P-33 b,,,,
HAT-P-34 b,,,,
HAT-P-35 b,,,,
HAT-P-36 b,,,,
HAT-P-37 b,,,,
HAT-P-38 b,,,,
HAT-P-39 b,,,,
HAT-P-3 b,,,,
HAT-P-40 b,,,,
HAT-P-41 b,,,,
HAT-P-42 b,,,,
HAT-P-34 b,,,,
HAT-P-35 b,,,,
HAT-P-36 b,,,,
HAT-P-37 b,,,,
HAT-P-38 b,,,,
HAT-P-39 b,,,,
HAT-P-3 b,,,,
HAT-P-40 b,,,,
HAT-P-41 b,,,,
HAT-P-42 b,,,,
HAT-P-34 b,,,,
HAT-P-35 b,,,,
HAT-P-36 b,,,,
HAT-P-37 b,,,,
HAT-P-38 b,,,,
HAT-P-39 b,,,,
HAT-P-3 b,,,,
HAT-P-40 b,,,,
HAT-P-41 b,,,,
HAT-P-42 b,,,,
HAT-P-34 b,,,,
HAT-P-35 b,,,,
HAT-P-36 b,,,,
HAT-P-37 b,,,,
HAT-P-38 b,,,,
HAT-P-39 b,,,,
HAT-P-3 b,,,,
HAT-P-40 b,,,,
HAT-P-41 b,,,,
HAT-P-42 b,,,,
HAT-P-34 b,,,,
HAT-P-35 b,,,,
HAT-P-36 b,,,,
HAT-P-37 b,,,,
HAT-P-38 b,,,,
HAT-P-39 b,,,,
HAT-P-3 b,,,,
HAT-P-40 b,,,,
HAT-P-41 b,,,,
HAT-P-42 b,,,,
HAT-P-43 b,,,,
HAT-P-44 b,,,,
HAT-P-44 c,,,,
HAT-P-45 b,,,,
HAT-P-46 b,,,,
HAT-P-49 b,,,,
HAT-P-4 b,,,,
HAT-P-50 b,,,,
HAT-P-51 b,,,,
HAT-P-52 b,,,,
HAT-P-43 b,,,,
HAT-P-44 b,,,,
HAT-P-44 c,,,,
HAT-P-45 b,,,,
HAT-P-46 b,,,,
HAT-P-49 b,,,,
HAT-P-4 b,,,,
HAT-P-50 b,,,,
HAT-P-51 b,,,,
HAT-P-52 b,,,,
HAT-P-53 b,,,,
HAT-P-54 b,,,,
HAT-P-55 b,,,,
HAT-P-56 b,,,,
HAT-P-57 b,,,,
HAT-P-5 b,,,,
HAT-P-65 b,,,,
HAT-P-66 b,,,,
HAT-P-67 b,,,,
HAT-P-68 b,,,,
HATS-14 b,,,,
HATS-15 b,,,,
HATS-16 b,,,,
HATS-17 b,,,,
HATS-18 b,,,,
HATS-1 b,,,,
HATS-22 b,,,,
HATS-23 b,,,,
HATS-24 b,,,,
HATS-25 b,,,,
HATS-14 b,,,,
HATS-15 b,,,,
HATS-16 b,,,,
HATS-17 b,,,,
HATS-18 b,,,,
HATS-1 b,,,,
HATS-22 b,,,,
HATS-23 b,,,,
HATS-24 b,,,,
HATS-25 b,,,,
HATS-26 b,,,,
HATS-27 b,,,,
HATS-28 b,,,,
HATS-29 b,,,,
HATS-2 b,,,,
HATS-30 b,,,,
HATS-31 b,,,,
HATS-32 b,,,,
HATS-33 b,,,,
HATS-34 b,,,,
HATS-26 b,,,,
HATS-27 b,,,,
HATS-28 b,,,,
HATS-29 b,,,,
HATS-2 b,,,,
HATS-30 b,,,,
HATS-31 b,,,,
HATS-32 b,,,,
HATS-33 b,,,,
HATS-34 b,,,,
HATS-26 b,,,,
HATS-27 b,,,,
HATS-28 b,,,,
HATS-29 b,,,,
HATS-2 b,,,,
HATS-30 b,,,,
HATS-31 b,,,,
HATS-32 b,,,,
HATS-33 b,,,,
HATS-34 b,,,,
HATS-26 b,,,,
HATS-27 b,,,,
HATS-28 b,,,,
HATS-29 b,,,,
HATS-2 b,,,,
HATS-30 b,,,,
HATS-31 b,,,,
HATS-32 b,,,,
HATS-33 b,,,,
HATS-34 b,,,,
HATS-26 b,,,,
HATS-27 b,,,,
HATS-28 b,,,,
HATS-29 b,,,,
HATS-2 b,,,,
HATS-30 b,,,,
HATS-31 b,,,,
HATS-32 b,,,,
HATS-33 b,,,,
HATS-34 b,,,,
HATS-26 b,,,,
HATS-27 b,,,,
HATS-28 b,,,,
HATS-29 b,,,,
HATS-2 b,,,,
HATS-30 b,,,,
HATS-31 b,,,,
HATS-32 b,,,,
HATS-33 b,,,,
HATS-34 b,,,,
HATS-26 b,,,,
HATS-27 b,,,,
HATS-28 b,,,,
HATS-29 b,,,,
HATS-2 b,,,,
HATS-30 b,,,,
HATS-31 b,,,,
HATS-32 b,,,,
HATS-33 b,,,,
HATS-34 b,,,,
HATS-44 b,,,,
HATS-45 b,,,,
HATS-46 b,,,,
HATS-47 b,,,,
HATS-48 A b,,,,
HATS-49 b,,,,
HATS-4 b,,,,
HATS-50 b,,,,
HATS-51 b,,,,
HATS-52 b,,,,
HATS-53 b,,,,
HATS-54 b,,,,
HATS-55 b,,,,
HATS-56 b,,,,
HATS-57 b,,,,
HATS-58 A b,,,,
HATS-59 b,,,,
HATS-59 c,,,,
HATS-5 b,,,,
HATS-60 b,,,,
HATS-70 b,,,,
HATS-71 b,,,,
HATS-72 b,,,,
HATS-7 b,,,,
HATS-8 b,,,,
HATS-9 b,,,,
HD 100546 b,,,,
HD 100655 b,,,,
HD 100777 b,,,,
HD 10180 c,,,,
HD 10180 d,,,,
HD 10180 e,,,,
HD 10180 f,,,,
HD 10180 g,,,,
HD 10180 h,,,,
HD 101930 b,,,,
HD 102117 b,,,,
HD 102195 b,,,,
HD 102272 b,,,,
HD 102329 b,,,,
HD 10180 d,,,,
HD 10180 e,,,,
HD 10180 f,,,,
HD 10180 g,,,,
HD 10180 h,,,,
HD 101930 b,,,,
HD 102117 b,,,,
HD 102195 b,,,,
HD 102272 b,,,,
HD 102329 b,,,,
HD 10180 d,,,,
HD 10180 e,,,,
HD 10180 f,,,,
HD 10180 g,,,,
HD 10180 h,,,,
HD 101930 b,,,,
HD 102117 b,,,,
HD 102195 b,,,,
HD 102272 b,,,,
HD 102329 b,,,,
HD 10180 d,,,,
HD 10180 e,,,,
HD 10180 f,,,,
HD 10180 g,,,,
HD 10180 h,,,,
HD 101930 b,,,,
HD 102117 b,,,,
HD 102195 b,,,,
HD 102272 b,,,,
HD 102329 b,,,,
HD 10180 d,,,,
HD 10180 e,,,,
HD 10180 f,,,,
HD 10180 g,,,,
HD 10180 h,,,,
HD 101930 b,,,,
HD 102117 b,,,,
HD 102195 b,,,,
HD 102272 b,,,,
HD 102329 b,,,,
HD 10180 d,,,,
HD 10180 e,,,,
HD 10180 f,,,,
HD 10180 g,,,,
HD 10180 h,,,,
HD 101930 b,,,,
HD 102117 b,,,,
HD 102195 b,,,,
HD 102272 b,,,,
HD 102329 b,,,,
HD 10180 d,,,,
HD 10180 e,,,,
HD 10180 f,,,,
HD 10180 g,,,,
HD 10180 h,,,,
HD 101930 b,,,,
HD 102117 b,,,,
HD 102195 b,,,,
HD 102272 b,,,,
HD 102329 b,,,,
HD 10180 d,,,,
HD 10180 e,,,,
HD 10180 f,,,,
HD 10180 g,,,,
HD 10180 h,,,,
HD 101930 b,,,,
HD 102117 b,,,,
HD 102195 b,,,,
HD 102272 b,,,,
HD 102329 b,,,,
HD 10180 d,,,,
HD 10180 e,,,,
HD 10180 f,,,,
HD 10180 g,,,,
HD 10180 h,,,,
HD 101930 b,,,,
HD 102117 b,,,,
HD 102195 b,,,,
HD 102272 b,,,,
HD 102329 b,,,,
HD 10180 d,,,,
HD 10180 e,,,,
HD 10180 f,,,,
HD 10180 g,,,,
HD 10180 h,,,,
HD 101930 b,,,,
HD 102117 b,,,,
HD 102195 b,,,,
HD 102272 b,,,,
HD 102329 b,,,,
HD 10180 d,,,,
HD 10180 e,,,,
HD 10180 f,,,,
HD 10180 g,,,,
HD 10180 h,,,,
HD 101930 b,,,,
HD 102117 b,,,,
HD 102195 b,,,,
HD 102272 b,,,,
HD 102329 b,,,,
HD 102329 c,,,,
HD 102365 b,,,,
HD 102843 b,,,,
HD 102956 b,,,,
HD 103197 b,,,,
HD 103720 b,,,,
HD 103774 b,,,,
HD 103949 b,,,,
HD 104067 b,,,,
HD 10442 b,,,,
HD 102329 c,,,,
HD 102365 b,,,,
HD 102843 b,,,,
HD 102956 b,,,,
HD 103197 b,,,,
HD 103720 b,,,,
HD 103774 b,,,,
HD 103949 b,,,,
HD 104067 b,,,,
HD 10442 b,,,,
HD 102329 c,,,,
HD 102365 b,,,,
HD 102843 b,,,,
HD 102956 b,,,,
HD 103197 b,,,,
HD 103720 b,,,,
HD 103774 b,,,,
HD 103949 b,,,,
HD 104067 b,,,,
HD 10442 b,,,,
HD 102329 c,,,,
HD 102365 b,,,,
HD 102843 b,,,,
HD 102956 b,,,,
HD 103197 b,,,,
HD 103720 b,,,,
HD 103774 b,,,,
HD 103949 b,,,,
HD 104067 b,,,,
HD 10442 b,,,,
HD 108147 b,,,,
HD 108236 b,,,,
HD 108236 c,,,,
HD 108236 d,,,,
HD 108236 e,,,,
HD 108236 f,,,,
HD 108341 b,,,,
HD 108863 b,,,,
HD 108874 b,,,,
HD 108874 c,,,,
HD 130322 b,,,,
HD 131496 b,,,,
HD 131664 b,,,,
HD 13167 b,,,,
HD 13189 b,,,,
HD 132406 b,,,,
HD 132563 b,,,,
HD 133131 A b,,,,
HD 133131 A c,,,,
HD 133131 B b,,,,
HD 109246 b,,,,
HD 109271 b,,,,
HD 109271 c,,,,
HD 109749 b,,,,
HD 110014 b,,,,
HD 110082 b,,,,
HD 110113 b,,,,
HD 110113 c,,,,
HD 111232 b,,,,
HD 111591 b,,,,
HD 114783 b,,,,
HD 114783 c,,,,
HD 11506 b,,,,
HD 11506 c,,,,
HD 116029 b,,,,
HD 116029 c,,,,
HD 117207 b,,,,
HD 11755 b,,,,
HD 117618 b,,,,
HD 118203 b,,,,
HD 11964 b,,,,
HD 11964 c,,,,
HD 11977 b,,,,
HD 120084 b,,,,
HD 121504 b,,,,
HD 12484 b,,,,
HD 125390 b,,,,
HD 125595 b,,,,
HD 125612 b,,,,
HD 125612 c,,,,
HD 125612 d,,,,
HD 12648 b,,,,
HD 126525 b,,,,
HD 126614 b,,,,
HD 12661 b,,,,
HD 12661 c,,,,
HD 128311 b,,,,
HD 128311 c,,,,
HD 128356 b,,,,
HD 129445 b,,,,
HD 130322 b,,,,
HD 131496 b,,,,
HD 131664 b,,,,
HD 13167 b,,,,
HD 13189 b,,,,
HD 132406 b,,,,
HD 132563 b,,,,
HD 133131 A b,,,,
HD 133131 A c,,,,
HD 133131 B b,,,,
HD 134060 b,,,,
HD 134060 c,,,,
HD 134987 b,,,,
HD 134987 c,,,,
HD 136352 b,,,,
HD 136352 c,,,,
HD 136352 d,,,,
HD 136418 b,,,,
HD 137388 b,,,,
HD 13808 b,,,,
HD 13808 c,,,,
HD 13908 b,,,,
HD 13908 c,,,,
HD 13931 b,,,,
HD 139357 b,,,,
HD 1397 b,,,,
HD 14067 b,,,,
HD 141399 b,,,,
HD 141399 c,,,,
HD 141399 d,,,,
HD 13808 c,,,,
HD 13908 b,,,,
HD 13908 c,,,,
HD 13931 b,,,,
HD 139357 b,,,,
HD 1397 b,,,,
HD 14067 b,,,,
HD 141399 b,,,,
HD 141399 c,,,,
HD 141399 d,,,,
HD 13808 c,,,,
HD 13908 b,,,,
HD 13908 c,,,,
HD 13931 b,,,,
HD 139357 b,,,,
HD 1397 b,,,,
HD 14067 b,,,,
HD 141399 b,,,,
HD 141399 c,,,,
HD 141399 d,,,,
HD 13808 c,,,,
HD 13908 b,,,,
HD 13908 c,,,,
HD 13931 b,,,,
HD 139357 b,,,,
HD 1397 b,,,,
HD 14067 b,,,,
HD 141399 b,,,,
HD 141399 c,,,,
HD 141399 d,,,,
HD 13808 c,,,,
HD 13908 b,,,,
HD 13908 c,,,,
HD 13931 b,,,,
HD 139357 b,,,,
HD 1397 b,,,,
HD 14067 b,,,,
HD 141399 b,,,,
HD 141399 c,,,,
HD 141399 d,,,,
HD 13808 c,,,,
HD 13908 b,,,,
HD 13908 c,,,,
HD 13931 b,,,,
HD 139357 b,,,,
HD 1397 b,,,,
HD 14067 b,,,,
HD 141399 b,,,,
HD 141399 c,,,,
HD 141399 d,,,,
HD 13808 c,,,,
HD 13908 b,,,,
HD 13908 c,,,,
HD 13931 b,,,,
HD 139357 b,,,,
HD 1397 b,,,,
HD 14067 b,,,,
HD 141399 b,,,,
HD 141399 c,,,,
HD 141399 d,,,,
HD 13808 c,,,,
HD 13908 b,,,,
HD 13908 c,,,,
HD 13931 b,,,,
HD 139357 b,,,,
HD 1397 b,,,,
HD 14067 b,,,,
HD 141399 b,,,,
HD 141399 c,,,,
HD 141399 d,,,,
HD 141399 e,,,,
HD 141937 b,,,,
HD 142022 A b,,,,
HD 142245 b,,,,
HD 142415 b,,,,
HD 142 b,,,,
HD 142 c,,,,
HD 143105 b,,,,
HD 143361 b,,,,
HD 145377 b,,,,
HD 141399 e,,,,
HD 141937 b,,,,
HD 142022 A b,,,,
HD 142245 b,,,,
HD 142415 b,,,,
HD 142 b,,,,
HD 142 c,,,,
HD 143105 b,,,,
HD 143361 b,,,,
HD 145377 b,,,,
HD 141399 e,,,,
HD 141937 b,,,,
HD 142022 A b,,,,
HD 142245 b,,,,
HD 142415 b,,,,
HD 142 b,,,,
HD 142 c,,,,
HD 143105 b,,,,
HD 143361 b,,,,
HD 145377 b,,,,
HD 141399 e,,,,
HD 141937 b,,,,
HD 142022 A b,,,,
HD 142245 b,,,,
HD 142415 b,,,,
HD 142 b,,,,
HD 142 c,,,,
HD 143105 b,,,,
HD 143361 b,,,,
HD 145377 b,,,,
HD 141399 e,,,,
HD 141937 b,,,,
HD 142022 A b,,,,
HD 142245 b,,,,
HD 142415 b,,,,
HD 142 b,,,,
HD 142 c,,,,
HD 143105 b,,,,
HD 143361 b,,,,
HD 145377 b,,,,
HD 141399 e,,,,
HD 141937 b,,,,
HD 142022 A b,,,,
HD 142245 b,,,,
HD 142415 b,,,,
HD 142 b,,,,
HD 142 c,,,,
HD 143105 b,,,,
HD 143361 b,,,,
HD 145377 b,,,,
HD 141399 e,,,,
HD 141937 b,,,,
HD 142022 A b,,,,
HD 142245 b,,,,
HD 142415 b,,,,
HD 142 b,,,,
HD 142 c,,,,
HD 143105 b,,,,
HD 143361 b,,,,
HD 145377 b,,,,
HD 152581 b,,,,
HD 15337 b,,,,
HD 15337 c,,,,
HD 153950 b,,,,
HD 154345 b,,,,
HD 154672 b,,,,
HD 154857 b,,,,
HD 154857 c,,,,
HD 155233 b,,,,
HD 155358 b,,,,
HD 155358 c,,,,
HD 156279 b,,,,
HD 156279 c,,,,
HD 156411 b,,,,
HD 156668 b,,,,
HD 156846 b,,,,
HD 158038 b,,,,
HD 158259 b,,,,
HD 158259 c,,,,
HD 158259 d,,,,
HD 158259 e,,,,
HD 158259 f,,,,
HD 158996 b,,,,
HD 159243 b,,,,
HD 159243 c,,,,
HD 159868 b,,,,
HD 159868 c,,,,
HD 1605 b,,,,
HD 1605 c,,,,
HD 160691 b,,,,
HD 158259 e,,,,
HD 158259 f,,,,
HD 158996 b,,,,
HD 159243 b,,,,
HD 159243 c,,,,
HD 159868 b,,,,
HD 159868 c,,,,
HD 1605 b,,,,
HD 1605 c,,,,
HD 160691 b,,,,
HD 158259 e,,,,
HD 158259 f,,,,
HD 158996 b,,,,
HD 159243 b,,,,
HD 159243 c,,,,
HD 159868 b,,,,
HD 159868 c,,,,
HD 1605 b,,,,
HD 1605 c,,,,
HD 160691 b,,,,
HD 164595 b,,,,
HD 164604 b,,,,
HD 164922 b,,,,
HD 164922 c,,,,
HD 164922 d,,,,
HD 165155 b,,,,
HD 1666 b,,,,
HD 166724 b,,,,
HD 167042 b,,,,
HD 168443 b,,,,
HD 164595 b,,,,
HD 164604 b,,,,
HD 164922 b,,,,
HD 164922 c,,,,
HD 164922 d,,,,
HD 165155 b,,,,
HD 1666 b,,,,
HD 166724 b,,,,
HD 167042 b,,,,
HD 168443 b,,,,
HD 164595 b,,,,
HD 164604 b,,,,
HD 164922 b,,,,
HD 164922 c,,,,
HD 164922 d,,,,
HD 165155 b,,,,
HD 1666 b,,,,
HD 166724 b,,,,
HD 167042 b,,,,
HD 168443 b,,,,
HD 164595 b,,,,
HD 164604 b,,,,
HD 164922 b,,,,
HD 164922 c,,,,
HD 164922 d,,,,
HD 165155 b,,,,
HD 1666 b,,,,
HD 166724 b,,,,
HD 167042 b,,,,
HD 168443 b,,,,
HD 173416 b,,,,
HD 175167 b,,,,
HD 175541 b,,,,
HD 175607 b,,,,
HD 17674 b,,,,
HD 176986 b,,,,
HD 176986 c,,,,
HD 177565 b,,,,
HD 177830 b,,,,
HD 177830 c,,,,
HD 173416 b,,,,
HD 175167 b,,,,
HD 175541 b,,,,
HD 175607 b,,,,
HD 17674 b,,,,
HD 176986 b,,,,
HD 176986 c,,,,
HD 177565 b,,,,
HD 177830 b,,,,
HD 177830 c,,,,
HD 173416 b,,,,
HD 175167 b,,,,
HD 175541 b,,,,
HD 175607 b,,,,
HD 17674 b,,,,
HD 176986 b,,,,
HD 176986 c,,,,
HD 177565 b,,,,
HD 177830 b,,,,
HD 177830 c,,,,
HD 181433 b,,,,
HD 181433 c,,,,
HD 181433 d,,,,
HD 181720 b,,,,
HD 183263 b,,,,
HD 183263 c,,,,
HD 183579 b,,,,
HD 185269 b,,,,
HD 187085 b,,,,
HD 187123 b,,,,
HD 181433 b,,,,
HD 181433 c,,,,
HD 181433 d,,,,
HD 181720 b,,,,
HD 183263 b,,,,
HD 183263 c,,,,
HD 183579 b,,,,
HD 185269 b,,,,
HD 187085 b,,,,
HD 187123 b,,,,
HD 181433 b,,,,
HD 181433 c,,,,
HD 181433 d,,,,
HD 181720 b,,,,
HD 183263 b,,,,
HD 183263 c,,,,
HD 183579 b,,,,
HD 185269 b,,,,
HD 187085 b,,,,
HD 187123 b,,,,
HD 181433 b,,,,
HD 181433 c,,,,
HD 181433 d,,,,
HD 181720 b,,,,
HD 183263 b,,,,
HD 183263 c,,,,
HD 183579 b,,,,
HD 185269 b,,,,
HD 187085 b,,,,
HD 187123 b,,,,
HD 181433 b,,,,
HD 181433 c,,,,
HD 181433 d,,,,
HD 181720 b,,,,
HD 183263 b,,,,
HD 183263 c,,,,
HD 183579 b,,,,
HD 185269 b,,,,
HD 187085 b,,,,
HD 187123 b,,,,
HD 181433 b,,,,
HD 181433 c,,,,
HD 181433 d,,,,
HD 181720 b,,,,
HD 183263 b,,,,
HD 183263 c,,,,
HD 183579 b,,,,
HD 185269 b,,,,
HD 187085 b,,,,
HD 187123 b,,,,
HD 181433 b,,,,
HD 181433 c,,,,
HD 181433 d,,,,
HD 181720 b,,,,
HD 183263 b,,,,
HD 183263 c,,,,
HD 183579 b,,,,
HD 185269 b,,,,
HD 187085 b,,,,
HD 187123 b,,,,
HD 181433 b,,,,
HD 181433 c,,,,
HD 181433 d,,,,
HD 181720 b,,,,
HD 183263 b,,,,
HD 183263 c,,,,
HD 183579 b,,,,
HD 185269 b,,,,
HD 187085 b,,,,
HD 187123 b,,,,
HD 187123 c,,,,
HD 18742 b,,,,
HD 188015 b,,,,
HD 189733 b,,,,
HD 190007 b,,,,
HD 190360 b,,,,
HD 190360 c,,,,
HD 190647 b,,,,
HD 190984 b,,,,
HD 191806 b,,,,
HD 187123 c,,,,
HD 18742 b,,,,
HD 188015 b,,,,
HD 189733 b,,,,
HD 190007 b,,,,
HD 190360 b,,,,
HD 190360 c,,,,
HD 190647 b,,,,
HD 190984 b,,,,
HD 191806 b,,,,
HD 187123 c,,,,
HD 18742 b,,,,
HD 188015 b,,,,
HD 189733 b,,,,
HD 190007 b,,,,
HD 190360 b,,,,
HD 190360 c,,,,
HD 190647 b,,,,
HD 190984 b,,,,
HD 191806 b,,,,
HD 187123 c,,,,
HD 18742 b,,,,
HD 188015 b,,,,
HD 189733 b,,,,
HD 190007 b,,,,
HD 190360 b,,,,
HD 190360 c,,,,
HD 190647 b,,,,
HD 190984 b,,,,
HD 191806 b,,,,
HD 187123 c,,,,
HD 18742 b,,,,
HD 188015 b,,,,
HD 189733 b,,,,
HD 190007 b,,,,
HD 190360 b,,,,
HD 190360 c,,,,
HD 190647 b,,,,
HD 190984 b,,,,
HD 191806 b,,,,
HD 187123 c,,,,
HD 18742 b,,,,
HD 188015 b,,,,
HD 189733 b,,,,
HD 190007 b,,,,
HD 190360 b,,,,
HD 190360 c,,,,
HD 190647 b,,,,
HD 190984 b,,,,
HD 191806 b,,,,
HD 187123 c,,,,
HD 18742 b,,,,
HD 188015 b,,,,
HD 189733 b,,,,
HD 190007 b,,,,
HD 190360 b,,,,
HD 190360 c,,,,
HD 190647 b,,,,
HD 190984 b,,,,
HD 191806 b,,,,
HD 202772 A b,,,,
HD 203030 b,,,,
HD 203473 b,,,,
HD 2039 b,,,,
HD 204313 b,,,,
HD 204313 c,,,,
HD 204941 b,,,,
HD 205739 b,,,,
HD 206255 b,,,,
HD 206610 b,,,,
HD 21693 b,,,,
HD 21693 c,,,,
HD 217107 b,,,,
HD 217107 c,,,,
HD 21749 c,,,,
HD 217786 b,,,,
HD 217850 b,,,,
HD 218566 b,,,,
HD 219077 b,,,,
HD 219134 b,,,,
HD 21693 b,,,,
HD 21693 c,,,,
HD 217107 b,,,,
HD 217107 c,,,,
HD 21749 c,,,,
HD 217786 b,,,,
HD 217850 b,,,,
HD 218566 b,,,,
HD 219077 b,,,,
HD 219134 b,,,,
HD 21693 b,,,,
HD 21693 c,,,,
HD 217107 b,,,,
HD 217107 c,,,,
HD 21749 c,,,,
HD 217786 b,,,,
HD 217850 b,,,,
HD 218566 b,,,,
HD 219077 b,,,,
HD 219134 b,,,,
HD 21693 b,,,,
HD 21693 c,,,,
HD 217107 b,,,,
HD 217107 c,,,,
HD 21749 c,,,,
HD 217786 b,,,,
HD 217850 b,,,,
HD 218566 b,,,,
HD 219077 b,,,,
HD 219134 b,,,,
HD 21693 b,,,,
HD 21693 c,,,,
HD 217107 b,,,,
HD 217107 c,,,,
HD 21749 c,,,,
HD 217786 b,,,,
HD 217850 b,,,,
HD 218566 b,,,,
HD 219077 b,,,,
HD 219134 b,,,,
HD 21693 b,,,,
HD 21693 c,,,,
HD 217107 b,,,,
HD 217107 c,,,,
HD 21749 c,,,,
HD 217786 b,,,,
HD 217850 b,,,,
HD 218566 b,,,,
HD 219077 b,,,,
HD 219134 b,,,,
HD 21693 b,,,,
HD 21693 c,,,,
HD 217107 b,,,,
HD 217107 c,,,,
HD 21749 c,,,,
HD 217786 b,,,,
HD 217850 b,,,,
HD 218566 b,,,,
HD 219077 b,,,,
HD 219134 b,,,,
HD 21693 b,,,,
HD 21693 c,,,,
HD 217107 b,,,,
HD 217107 c,,,,
HD 21749 c,,,,
HD 217786 b,,,,
HD 217850 b,,,,
HD 218566 b,,,,
HD 219077 b,,,,
HD 219134 b,,,,
HD 21693 b,,,,
HD 21693 c,,,,
HD 217107 b,,,,
HD 217107 c,,,,
HD 21749 c,,,,
HD 217786 b,,,,
HD 217850 b,,,,
HD 218566 b,,,,
HD 219077 b,,,,
HD 219134 b,,,,
HD 21693 b,,,,
HD 21693 c,,,,
HD 217107 b,,,,
HD 217107 c,,,,
HD 21749 c,,,,
HD 217786 b,,,,
HD 217850 b,,,,
HD 218566 b,,,,
HD 219077 b,,,,
HD 219134 b,,,,
HD 21693 b,,,,
HD 21693 c,,,,
HD 217107 b,,,,
HD 217107 c,,,,
HD 21749 c,,,,
HD 217786 b,,,,
HD 217850 b,,,,
HD 218566 b,,,,
HD 219077 b,,,,
HD 219134 b,,,,
HD 21693 b,,,,
HD 21693 c,,,,
HD 217107 b,,,,
HD 217107 c,,,,
HD 21749 c,,,,
HD 217786 b,,,,
HD 217850 b,,,,
HD 218566 b,,,,
HD 219077 b,,,,
HD 219134 b,,,,
HD 21693 b,,,,
HD 21693 c,,,,
HD 217107 b,,,,
HD 217107 c,,,,
HD 21749 c,,,,
HD 217786 b,,,,
HD 217850 b,,,,
HD 218566 b,,,,
HD 219077 b,,,,
HD 219134 b,,,,
HD 21693 b,,,,
HD 21693 c,,,,
HD 217107 b,,,,
HD 217107 c,,,,
HD 21749 c,,,,
HD 217786 b,,,,
HD 217850 b,,,,
HD 218566 b,,,,
HD 219077 b,,,,
HD 219134 b,,,,
HD 219134 c,,,,
HD 219134 d,,,,
HD 219134 f,,,,
HD 219134 g,,,,
HD 219134 h,,,,
HD 219415 b,,,,
HD 219666 b,,,,
HD 219828 b,,,,
HD 219828 c,,,,
HD 220074 b,,,,
HD 219134 c,,,,
HD 219134 d,,,,
HD 219134 f,,,,
HD 219134 g,,,,
HD 219134 h,,,,
HD 219415 b,,,,
HD 219666 b,,,,
HD 219828 b,,,,
HD 219828 c,,,,
HD 220074 b,,,,
HD 220197 b,,,,
HD 220689 b,,,,
HD 220773 b,,,,
HD 220842 b,,,,
HD 221287 b,,,,
HD 221416 b,,,,
HD 221420 b,,,,
HD 221585 b,,,,
HD 222076 b,,,,
HD 222155 b,,,,
HD 220197 b,,,,
HD 220689 b,,,,
HD 220773 b,,,,
HD 220842 b,,,,
HD 221287 b,,,,
HD 221416 b,,,,
HD 221420 b,,,,
HD 221585 b,,,,
HD 222076 b,,,,
HD 222155 b,,,,
HD 23472 c,,,,
HD 23596 b,,,,
HD 238090 b,,,,
HD 238914 b,,,,
HD 240210 b,,,,
HD 240237 b,,,,
HD 24040 b,,,,
HD 24064 b,,,,
HD 24085 b,,,,
HD 25015 b,,,,
HD 4203 c,,,,
HD 4208 b,,,,
HD 42618 b,,,,
HD 4308 b,,,,
HD 4313 b,,,,
HD 43197 b,,,,
HD 43691 b,,,,
HD 44219 b,,,,
HD 45184 b,,,,
HD 45184 c,,,,
HD 45350 b,,,,
HD 45364 b,,,,
HD 45364 c,,,,
HD 45652 b,,,,
HD 46375 b,,,,
HD 47186 b,,,,
HD 47186 c,,,,
HD 4732 b,,,,
HD 4732 c,,,,
HD 47366 b,,,,
HD 47366 c,,,,
HD 47536 b,,,,
HD 4760 b,,,,
HD 48265 b,,,,
HD 4917 b,,,,
HD 49674 b,,,,
HD 50499 b,,,,
HD 50499 c,,,,
HD 50554 b,,,,
HD 51608 b,,,,
HD 47366 c,,,,
HD 47536 b,,,,
HD 4760 b,,,,
HD 48265 b,,,,
HD 4917 b,,,,
HD 49674 b,,,,
HD 50499 b,,,,
HD 50499 c,,,,
HD 50554 b,,,,
HD 51608 b,,,,
HD 47366 c,,,,
HD 47536 b,,,,
HD 4760 b,,,,
HD 48265 b,,,,
HD 4917 b,,,,
HD 49674 b,,,,
HD 50499 b,,,,
HD 50499 c,,,,
HD 50554 b,,,,
HD 51608 b,,,,
HD 47366 c,,,,
HD 47536 b,,,,
HD 4760 b,,,,
HD 48265 b,,,,
HD 4917 b,,,,
HD 49674 b,,,,
HD 50499 b,,,,
HD 50499 c,,,,
HD 50554 b,,,,
HD 51608 b,,,,
HD 47366 c,,,,
HD 47536 b,,,,
HD 4760 b,,,,
HD 48265 b,,,,
HD 4917 b,,,,
HD 49674 b,,,,
HD 50499 b,,,,
HD 50499 c,,,,
HD 50554 b,,,,
HD 51608 b,,,,
HD 47366 c,,,,
HD 47536 b,,,,
HD 4760 b,,,,
HD 48265 b,,,,
HD 4917 b,,,,
HD 49674 b,,,,
HD 50499 b,,,,
HD 50499 c,,,,
HD 50554 b,,,,
HD 51608 b,,,,
HD 47366 c,,,,
HD 47536 b,,,,
HD 4760 b,,,,
HD 48265 b,,,,
HD 4917 b,,,,
HD 49674 b,,,,
HD 50499 b,,,,
HD 50499 c,,,,
HD 50554 b,,,,
HD 51608 b,,,,
HD 47366 c,,,,
HD 47536 b,,,,
HD 4760 b,,,,
HD 48265 b,,,,
HD 4917 b,,,,
HD 49674 b,,,,
HD 50499 b,,,,
HD 50499 c,,,,
HD 50554 b,,,,
HD 51608 b,,,,
HD 47366 c,,,,
HD 47536 b,,,,
HD 4760 b,,,,
HD 48265 b,,,,
HD 4917 b,,,,
HD 49674 b,,,,
HD 50499 b,,,,
HD 50499 c,,,,
HD 50554 b,,,,
HD 51608 b,,,,
HD 47366 c,,,,
HD 47536 b,,,,
HD 4760 b,,,,
HD 48265 b,,,,
HD 4917 b,,,,
HD 49674 b,,,,
HD 50499 b,,,,
HD 50499 c,,,,
HD 50554 b,,,,
HD 51608 b,,,,
HD 47366 c,,,,
HD 47536 b,,,,
HD 4760 b,,,,
HD 48265 b,,,,
HD 4917 b,,,,
HD 49674 b,,,,
HD 50499 b,,,,
HD 50499 c,,,,
HD 50554 b,,,,
HD 51608 b,,,,
HD 47366 c,,,,
HD 47536 b,,,,
HD 4760 b,,,,
HD 48265 b,,,,
HD 4917 b,,,,
HD 49674 b,,,,
HD 50499 b,,,,
HD 50499 c,,,,
HD 50554 b,,,,
HD 51608 b,,,,
HD 51608 c,,,,
HD 52265 b,,,,
HD 5278 b,,,,
HD 5278 c,,,,
HD 5319 b,,,,
HD 5319 c,,,,
HD 55696 b,,,,
HD 5583 b,,,,
HD 5608 b,,,,
HD 564 b,,,,
HD 51608 c,,,,
HD 52265 b,,,,
HD 5278 b,,,,
HD 5278 c,,,,
HD 5319 b,,,,
HD 5319 c,,,,
HD 55696 b,,,,
HD 5583 b,,,,
HD 5608 b,,,,
HD 564 b,,,,
HD 51608 c,,,,
HD 52265 b,,,,
HD 5278 b,,,,
HD 5278 c,,,,
HD 5319 b,,,,
HD 5319 c,,,,
HD 55696 b,,,,
HD 5583 b,,,,
HD 5608 b,,,,
HD 564 b,,,,
HD 64114 b,,,,
HD 6434 b,,,,
HD 65216 b,,,,
HD 65216 c,,,,
HD 66141 b,,,,
HD 66428 b,,,,
HD 67087 b,,,,
HD 67087 c,,,,
HD 6718 b,,,,
HD 68402 b,,,,
HD 64114 b,,,,
HD 6434 b,,,,
HD 65216 b,,,,
HD 65216 c,,,,
HD 66141 b,,,,
HD 66428 b,,,,
HD 67087 b,,,,
HD 67087 c,,,,
HD 6718 b,,,,
HD 68402 b,,,,
HD 88133 b,,,,
HD 89307 b,,,,
HD 89345 b,,,,
HD 89744 b,,,,
HD 90156 b,,,,
HD 9174 b,,,,
HD 92788 b,,,,
HD 92788 c,,,,
HD 92987 b,,,,
HD 93083 b,,,,
HD 85512 b,,,,
HD 8574 b,,,,
HD 86081 b,,,,
HD 86226 b,,,,
HD 86226 c,,,,
HD 86264 b,,,,
HD 8673 b,,,,
HD 86950 b,,,,
HD 87646 b,,,,
HD 87883 b,,,,
HD 85512 b,,,,
HD 8574 b,,,,
HD 86081 b,,,,
HD 86226 b,,,,
HD 86226 c,,,,
HD 86264 b,,,,
HD 8673 b,,,,
HD 86950 b,,,,
HD 87646 b,,,,
HD 87883 b,,,,
HD 85512 b,,,,
HD 8574 b,,,,
HD 86081 b,,,,
HD 86226 b,,,,
HD 86226 c,,,,
HD 86264 b,,,,
HD 8673 b,,,,
HD 86950 b,,,,
HD 87646 b,,,,
HD 87883 b,,,,
HD 96127 b,,,,
HD 96167 b,,,,
HD 96992 b,,,,
HD 97048 b,,,,
HD 97658 b,,,,
HD 98219 b,,,,
HD 98649 b,,,,
HD 98736 b,,,,
HD 99109 b,,,,
HD 99492 b,,,,
HD 96127 b,,,,
HD 96167 b,,,,
HD 96992 b,,,,
HD 97048 b,,,,
HD 97658 b,,,,
HD 98219 b,,,,
HD 98649 b,,,,
HD 98736 b,,,,
HD 99109 b,,,,
HD 99492 b,,,,
HD 96127 b,,,,
HD 96167 b,,,,
HD 96992 b,,,,
HD 97048 b,,,,
HD 97658 b,,,,
HD 98219 b,,,,
HD 98649 b,,,,
HD 98736 b,,,,
HD 99109 b,,,,
HD 99492 b,,,,
HD 96127 b,,,,
HD 96167 b,,,,
HD 96992 b,,,,
HD 97048 b,,,,
HD 97658 b,,,,
HD 98219 b,,,,
HD 98649 b,,,,
HD 98736 b,,,,
HD 99109 b,,,,
HD 99492 b,,,,
HD 96127 b,,,,
HD 96167 b,,,,
HD 96992 b,,,,
HD 97048 b,,,,
HD 97658 b,,,,
HD 98219 b,,,,
HD 98649 b,,,,
HD 98736 b,,,,
HD 99109 b,,,,
HD 99492 b,,,,
HD 96127 b,,,,
HD 96167 b,,,,
HD 96992 b,,,,
HD 97048 b,,,,
HD 97658 b,,,,
HD 98219 b,,,,
HD 98649 b,,,,
HD 98736 b,,,,
HD 99109 b,,,,
HD 99492 b,,,,
HD 96127 b,,,,
HD 96167 b,,,,
HD 96992 b,,,,
HD 97048 b,,,,
HD 97658 b,,,,
HD 98219 b,,,,
HD 98649 b,,,,
HD 98736 b,,,,
HD 99109 b,,,,
HD 99492 b,,,,
HIP 14810 c,,,,
HIP 14810 d,,,,
HIP 35173 b,,,,
HIP 38594 b,,,,
HIP 38594 c,,,,
HIP 41378 b,,,,
HIP 41378 c,,,,
HIP 41378 d,,,,
HIP 41378 e,,,,
HIP 41378 f,,,,
HIP 71135 b,,,,
HIP 74890 b,,,,
HIP 78530 b,,,,
HIP 79098 AB b,,,,
HIP 79431 b,,,,
HIP 8541 b,,,,
HIP 91258 b,,,,
HIP 97233 b,,,,
HN Pegasi b,,,,
HR 2562 b,,,,
HR 5183 b,,,,
HR 810 b,,,,
HR 858 b,,,,
HR 858 c,,,,
HR 858 d,,,,
HR 8799 b,,,,
HR 8799 c,,,,
HR 8799 d,,,,
HR 8799 e,,,,
HU Aquarii AB b,,,,
HU Aquarii AB c,,,,
HW Virginis b,,,,
IC 4651 9122 b,,,,
Iota Draconis b,,,,
K2-100 b,,,,
K2-101 b,,,,
K2-102 b,,,,
K2-104 b,,,,
K2-105 b,,,,
K2-107 b,,,,
HU Aquarii AB c,,,,
HW Virginis b,,,,
IC 4651 9122 b,,,,
Iota Draconis b,,,,
K2-100 b,,,,
K2-101 b,,,,
K2-102 b,,,,
K2-104 b,,,,
K2-105 b,,,,
K2-107 b,,,,
HU Aquarii AB c,,,,
HW Virginis b,,,,
IC 4651 9122 b,,,,
Iota Draconis b,,,,
K2-100 b,,,,
K2-101 b,,,,
K2-102 b,,,,
K2-104 b,,,,
K2-105 b,,,,
K2-107 b,,,,
K2-117 c,,,,
K2-118 b,,,,
K2-119 b,,,,
K2-11 b,,,,
K2-120 b,,,,
K2-121 b,,,,
K2-122 b,,,,
K2-123 b,,,,
K2-124 b,,,,
K2-125 b,,,,
K2-126 b,,,,
K2-127 b,,,,
K2-128 b,,,,
K2-129 b,,,,
K2-12 b,,,,
K2-130 b,,,,
K2-131 b,,,,
K2-132 b,,,,
K2-133 b,,,,
K2-133 c,,,,
K2-126 b,,,,
K2-127 b,,,,
K2-128 b,,,,
K2-129 b,,,,
K2-12 b,,,,
K2-130 b,,,,
K2-131 b,,,,
K2-132 b,,,,
K2-133 b,,,,
K2-133 c,,,,
K2-126 b,,,,
K2-127 b,,,,
K2-128 b,,,,
K2-129 b,,,,
K2-12 b,,,,
K2-130 b,,,,
K2-131 b,,,,
K2-132 b,,,,
K2-133 b,,,,
K2-133 c,,,,
K2-126 b,,,,
K2-127 b,,,,
K2-128 b,,,,
K2-129 b,,,,
K2-12 b,,,,
K2-130 b,,,,
K2-131 b,,,,
K2-132 b,,,,
K2-133 b,,,,
K2-133 c,,,,
K2-126 b,,,,
K2-127 b,,,,
K2-128 b,,,,
K2-129 b,,,,
K2-12 b,,,,
K2-130 b,,,,
K2-131 b,,,,
K2-132 b,,,,
K2-133 b,,,,
K2-133 c,,,,
K2-126 b,,,,
K2-127 b,,,,
K2-128 b,,,,
K2-129 b,,,,
K2-12 b,,,,
K2-130 b,,,,
K2-131 b,,,,
K2-132 b,,,,
K2-133 b,,,,
K2-133 c,,,,
K2-138 f,,,,
K2-138 g,,,,
K2-139 b,,,,
K2-13 b,,,,
K2-140 b,,,,
K2-141 b,,,,
K2-141 c,,,,
K2-146 b,,,,
K2-146 c,,,,
K2-147 b,,,,
K2-138 f,,,,
K2-138 g,,,,
K2-139 b,,,,
K2-13 b,,,,
K2-140 b,,,,
K2-141 b,,,,
K2-141 c,,,,
K2-146 b,,,,
K2-146 c,,,,
K2-147 b,,,,
K2-138 f,,,,
K2-138 g,,,,
K2-139 b,,,,
K2-13 b,,,,
K2-140 b,,,,
K2-141 b,,,,
K2-141 c,,,,
K2-146 b,,,,
K2-146 c,,,,
K2-147 b,,,,
K2-138 f,,,,
K2-138 g,,,,
K2-139 b,,,,
K2-13 b,,,,
K2-140 b,,,,
K2-141 b,,,,
K2-141 c,,,,
K2-146 b,,,,
K2-146 c,,,,
K2-147 b,,,,
K2-138 f,,,,
K2-138 g,,,,
K2-139 b,,,,
K2-13 b,,,,
K2-140 b,,,,
K2-141 b,,,,
K2-141 c,,,,
K2-146 b,,,,
K2-146 c,,,,
K2-147 b,,,,
K2-138 f,,,,
K2-138 g,,,,
K2-139 b,,,,
K2-13 b,,,,
K2-140 b,,,,
K2-141 b,,,,
K2-141 c,,,,
K2-146 b,,,,
K2-146 c,,,,
K2-147 b,,,,
K2-138 f,,,,
K2-138 g,,,,
K2-139 b,,,,
K2-13 b,,,,
K2-140 b,,,,
K2-141 b,,,,
K2-141 c,,,,
K2-146 b,,,,
K2-146 c,,,,
K2-147 b,,,,
K2-138 f,,,,
K2-138 g,,,,
K2-139 b,,,,
K2-13 b,,,,
K2-140 b,,,,
K2-141 b,,,,
K2-141 c,,,,
K2-146 b,,,,
K2-146 c,,,,
K2-147 b,,,,
K2-138 f,,,,
K2-138 g,,,,
K2-139 b,,,,
K2-13 b,,,,
K2-140 b,,,,
K2-141 b,,,,
K2-141 c,,,,
K2-146 b,,,,
K2-146 c,,,,
K2-147 b,,,,
K2-138 f,,,,
K2-138 g,,,,
K2-139 b,,,,
K2-13 b,,,,
K2-140 b,,,,
K2-141 b,,,,
K2-141 c,,,,
K2-146 b,,,,
K2-146 c,,,,
K2-147 b,,,,
K2-138 f,,,,
K2-138 g,,,,
K2-139 b,,,,
K2-13 b,,,,
K2-140 b,,,,
K2-141 b,,,,
K2-141 c,,,,
K2-146 b,,,,
K2-146 c,,,,
K2-147 b,,,,
K2-138 f,,,,
K2-138 g,,,,
K2-139 b,,,,
K2-13 b,,,,
K2-140 b,,,,
K2-141 b,,,,
K2-141 c,,,,
K2-146 b,,,,
K2-146 c,,,,
K2-147 b,,,,
K2-138 f,,,,
K2-138 g,,,,
K2-139 b,,,,
K2-13 b,,,,
K2-140 b,,,,
K2-141 b,,,,
K2-141 c,,,,
K2-146 b,,,,
K2-146 c,,,,
K2-147 b,,,,
K2-138 f,,,,
K2-138 g,,,,
K2-139 b,,,,
K2-13 b,,,,
K2-140 b,,,,
K2-141 b,,,,
K2-141 c,,,,
K2-146 b,,,,
K2-146 c,,,,
K2-147 b,,,,
K2-148 b,,,,
K2-148 c,,,,
K2-148 d,,,,
K2-149 b,,,,
K2-14 b,,,,
K2-150 b,,,,
K2-151 b,,,,
K2-152 b,,,,
K2-153 b,,,,
K2-154 b,,,,
K2-160 b,,,,
K2-161 b,,,,
K2-162 b,,,,
K2-163 b,,,,
K2-164 b,,,,
K2-165 b,,,,
K2-165 c,,,,
K2-165 d,,,,
K2-166 b,,,,
K2-167 b,,,,
K2-168 b,,,,
K2-169 b,,,,
K2-16 b,,,,
K2-16 c,,,,
K2-170 b,,,,
K2-170 c,,,,
K2-171 b,,,,
K2-172 b,,,,
K2-172 c,,,,
K2-173 b,,,,
K2-168 b,,,,
K2-169 b,,,,
K2-16 b,,,,
K2-16 c,,,,
K2-170 b,,,,
K2-170 c,,,,
K2-171 b,,,,
K2-172 b,,,,
K2-172 c,,,,
K2-173 b,,,,
K2-168 b,,,,
K2-169 b,,,,
K2-16 b,,,,
K2-16 c,,,,
K2-170 b,,,,
K2-170 c,,,,
K2-171 b,,,,
K2-172 b,,,,
K2-172 c,,,,
K2-173 b,,,,
K2-168 b,,,,
K2-169 b,,,,
K2-16 b,,,,
K2-16 c,,,,
K2-170 b,,,,
K2-170 c,,,,
K2-171 b,,,,
K2-172 b,,,,
K2-172 c,,,,
K2-173 b,,,,
K2-168 b,,,,
K2-169 b,,,,
K2-16 b,,,,
K2-16 c,,,,
K2-170 b,,,,
K2-170 c,,,,
K2-171 b,,,,
K2-172 b,,,,
K2-172 c,,,,
K2-173 b,,,,
K2-193 b,,,,
K2-194 b,,,,
K2-195 b,,,,
K2-195 c,,,,
K2-196 b,,,,
K2-197 b,,,,
K2-198 b,,,,
K2-198 c,,,,
K2-198 d,,,,
K2-199 b,,,,
K2-229 b,,,,
K2-229 c,,,,
K2-22 b,,,,
K2-230 b,,,,
K2-231 b,,,,
K2-232 b,,,,
K2-233 b,,,,
K2-233 c,,,,
K2-233 d,,,,
K2-237 b,,,,
K2-183 b,,,,
K2-183 c,,,,
K2-183 d,,,,
K2-184 b,,,,
K2-185 b,,,,
K2-186 b,,,,
K2-187 b,,,,
K2-187 c,,,,
K2-187 d,,,,
K2-187 e,,,,
K2-188 b,,,,
K2-188 c,,,,
K2-189 b,,,,
K2-189 c,,,,
K2-18 b,,,,
K2-18 c,,,,
K2-190 b,,,,
K2-190 c,,,,
K2-191 b,,,,
K2-192 b,,,,
K2-193 b,,,,
K2-194 b,,,,
K2-195 b,,,,
K2-195 c,,,,
K2-196 b,,,,
K2-197 b,,,,
K2-198 b,,,,
K2-198 c,,,,
K2-198 d,,,,
K2-199 b,,,,
K2-199 c,,,,
K2-19 b,,,,
K2-19 c,,,,
K2-19 d,,,,
K2-200 b,,,,
K2-201 b,,,,
K2-201 c,,,,
K2-202 b,,,,
K2-203 b,,,,
K2-204 b,,,,
K2-205 b,,,,
K2-206 b,,,,
K2-207 b,,,,
K2-208 b,,,,
K2-209 b,,,,
K2-210 b,,,,
K2-211 b,,,,
K2-212 b,,,,
K2-213 b,,,,
K2-214 b,,,,
K2-215 b,,,,
K2-216 b,,,,
K2-217 b,,,,
K2-218 b,,,,
K2-219 b,,,,
K2-219 c,,,,
K2-219 d,,,,
K2-21 b,,,,
K2-21 c,,,,
K2-220 b,,,,
K2-221 b,,,,
K2-222 b,,,,
K2-223 b,,,,
K2-223 c,,,,
K2-224 b,,,,
K2-224 c,,,,
K2-225 b,,,,
K2-226 b,,,,
K2-227 b,,,,
K2-228 b,,,,
K2-229 b,,,,
K2-229 c,,,,
K2-22 b,,,,
K2-230 b,,,,
K2-231 b,,,,
K2-232 b,,,,
K2-233 b,,,,
K2-233 c,,,,
K2-233 d,,,,
K2-237 b,,,,
K2-238 b,,,,
K2-239 b,,,,
K2-239 c,,,,
K2-239 d,,,,
K2-240 b,,,,
K2-240 c,,,,
K2-241 b,,,,
K2-242 b,,,,
K2-243 b,,,,
K2-243 c,,,,
K2-244 b,,,,
K2-245 b,,,,
K2-246 b,,,,
K2-247 b,,,,
K2-247 c,,,,
K2-248 b,,,,
K2-249 b,,,,
K2-24 b,,,,
K2-24 c,,,,
K2-250 b,,,,
K2-244 b,,,,
K2-245 b,,,,
K2-246 b,,,,
K2-247 b,,,,
K2-247 c,,,,
K2-248 b,,,,
K2-249 b,,,,
K2-24 b,,,,
K2-24 c,,,,
K2-250 b,,,,
K2-244 b,,,,
K2-245 b,,,,
K2-246 b,,,,
K2-247 b,,,,
K2-247 c,,,,
K2-248 b,,,,
K2-249 b,,,,
K2-24 b,,,,
K2-24 c,,,,
K2-250 b,,,,
K2-244 b,,,,
K2-245 b,,,,
K2-246 b,,,,
K2-247 b,,,,
K2-247 c,,,,
K2-248 b,,,,
K2-249 b,,,,
K2-24 b,,,,
K2-24 c,,,,
K2-250 b,,,,
K2-244 b,,,,
K2-245 b,,,,
K2-246 b,,,,
K2-247 b,,,,
K2-247 c,,,,
K2-248 b,,,,
K2-249 b,,,,
K2-24 b,,,,
K2-24 c,,,,
K2-250 b,,,,
K2-244 b,,,,
K2-245 b,,,,
K2-246 b,,,,
K2-247 b,,,,
K2-247 c,,,,
K2-248 b,,,,
K2-249 b,,,,
K2-24 b,,,,
K2-24 c,,,,
K2-250 b,,,,
K2-251 b,,,,
K2-252 b,,,,
K2-253 b,,,,
K2-254 b,,,,
K2-254 c,,,,
K2-255 b,,,,
K2-256 b,,,,
K2-257 b,,,,
K2-258 b,,,,
K2-259 b,,,,
K2-25 b,,,,
K2-260 b,,,,
K2-261 b,,,,
K2-263 b,,,,
K2-264 b,,,,
K2-264 c,,,,
K2-265 b,,,,
K2-266 b,,,,
K2-266 c,,,,
K2-266 d,,,,
K2-25 b,,,,
K2-260 b,,,,
K2-261 b,,,,
K2-263 b,,,,
K2-264 b,,,,
K2-264 c,,,,
K2-265 b,,,,
K2-266 b,,,,
K2-266 c,,,,
K2-266 d,,,,
K2-25 b,,,,
K2-260 b,,,,
K2-261 b,,,,
K2-263 b,,,,
K2-264 b,,,,
K2-264 c,,,,
K2-265 b,,,,
K2-266 b,,,,
K2-266 c,,,,
K2-266 d,,,,
K2-266 e,,,,
K2-268 b,,,,
K2-268 c,,,,
K2-269 b,,,,
K2-26 b,,,,
K2-270 b,,,,
K2-270 c,,,,
K2-271 b,,,,
K2-272 b,,,,
K2-273 b,,,,
K2-289 b,,,,
K2-28 b,,,,
K2-290 b,,,,
K2-290 c,,,,
K2-291 b,,,,
K2-292 b,,,,
K2-293 b,,,,
K2-294 b,,,,
K2-295 b,,,,
K2-29 b,,,,
K2-289 b,,,,
K2-28 b,,,,
K2-290 b,,,,
K2-290 c,,,,
K2-291 b,,,,
K2-292 b,,,,
K2-293 b,,,,
K2-294 b,,,,
K2-295 b,,,,
K2-29 b,,,,
K2-289 b,,,,
K2-28 b,,,,
K2-290 b,,,,
K2-290 c,,,,
K2-291 b,,,,
K2-292 b,,,,
K2-293 b,,,,
K2-294 b,,,,
K2-295 b,,,,
K2-29 b,,,,
K2-289 b,,,,
K2-28 b,,,,
K2-290 b,,,,
K2-290 c,,,,
K2-291 b,,,,
K2-292 b,,,,
K2-293 b,,,,
K2-294 b,,,,
K2-295 b,,,,
K2-29 b,,,,
K2-289 b,,,,
K2-28 b,,,,
K2-290 b,,,,
K2-290 c,,,,
K2-291 b,,,,
K2-292 b,,,,
K2-293 b,,,,
K2-294 b,,,,
K2-295 b,,,,
K2-29 b,,,,
K2-289 b,,,,
K2-28 b,,,,
K2-290 b,,,,
K2-290 c,,,,
K2-291 b,,,,
K2-292 b,,,,
K2-293 b,,,,
K2-294 b,,,,
K2-295 b,,,,
K2-29 b,,,,
K2-289 b,,,,
K2-28 b,,,,
K2-290 b,,,,
K2-290 c,,,,
K2-291 b,,,,
K2-292 b,,,,
K2-293 b,,,,
K2-294 b,,,,
K2-295 b,,,,
K2-29 b,,,,
K2-289 b,,,,
K2-28 b,,,,
K2-290 b,,,,
K2-290 c,,,,
K2-291 b,,,,
K2-292 b,,,,
K2-293 b,,,,
K2-294 b,,,,
K2-295 b,,,,
K2-29 b,,,,
K2-289 b,,,,
K2-28 b,,,,
K2-290 b,,,,
K2-290 c,,,,
K2-291 b,,,,
K2-292 b,,,,
K2-293 b,,,,
K2-294 b,,,,
K2-295 b,,,,
K2-29 b,,,,
K2-289 b,,,,
K2-28 b,,,,
K2-290 b,,,,
K2-290 c,,,,
K2-291 b,,,,
K2-292 b,,,,
K2-293 b,,,,
K2-294 b,,,,
K2-295 b,,,,
K2-29 b,,,,
K2-321 b,,,,
K2-322 b,,,,
K2-323 b,,,,
K2-324 b,,,,
K2-325 b,,,,
K2-326 b,,,,
K2-329 b,,,,
K2-32 b,,,,
K2-32 c,,,,
K2-32 d,,,,
K2-321 b,,,,
K2-322 b,,,,
K2-323 b,,,,
K2-324 b,,,,
K2-325 b,,,,
K2-326 b,,,,
K2-329 b,,,,
K2-32 b,,,,
K2-32 c,,,,
K2-32 d,,,,
K2-321 b,,,,
K2-322 b,,,,
K2-323 b,,,,
K2-324 b,,,,
K2-325 b,,,,
K2-326 b,,,,
K2-329 b,,,,
K2-32 b,,,,
K2-32 c,,,,
K2-32 d,,,,
K2-55 b,,,,
K2-57 b,,,,
K2-58 b,,,,
K2-58 c,,,,
K2-58 d,,,,
K2-59 b,,,,
K2-59 c,,,,
K2-5 b,,,,
K2-5 c,,,,
K2-60 b,,,,
K2-6 b,,,,
K2-70 b,,,,
K2-71 b,,,,
K2-72 b,,,,
K2-72 c,,,,
K2-72 d,,,,
K2-72 e,,,,
K2-73 b,,,,
K2-74 b,,,,
K2-75 b,,,,
K2-84 b,,,,
K2-84 c,,,,
K2-85 b,,,,
K2-86 b,,,,
K2-87 b,,,,
K2-88 b,,,,
K2-89 b,,,,
K2-8 b,,,,
K2-8 c,,,,
K2-90 b,,,,
K2-84 b,,,,
K2-84 c,,,,
K2-85 b,,,,
K2-86 b,,,,
K2-87 b,,,,
K2-88 b,,,,
K2-89 b,,,,
K2-8 b,,,,
K2-8 c,,,,
K2-90 b,,,,
K2-84 b,,,,
K2-84 c,,,,
K2-85 b,,,,
K2-86 b,,,,
K2-87 b,,,,
K2-88 b,,,,
K2-89 b,,,,
K2-8 b,,,,
K2-8 c,,,,
K2-90 b,,,,
K2-84 b,,,,
K2-84 c,,,,
K2-85 b,,,,
K2-86 b,,,,
K2-87 b,,,,
K2-88 b,,,,
K2-89 b,,,,
K2-8 b,,,,
K2-8 c,,,,
K2-90 b,,,,
KELT-10 b,,,,
KELT-11 b,,,,
KELT-12 b,,,,
KELT-14 b,,,,
KELT-15 b,,,,
KELT-16 b,,,,
KELT-17 b,,,,
KELT-18 b,,,,
KELT-19 A b,,,,
KELT-1 b,,,,
KELT-20 b,,,,
KELT-21 b,,,,
KELT-23 A b,,,,
KELT-24 b,,,,
KELT-2 A b,,,,
KELT-3 b,,,,
KELT-4 A b,,,,
KELT-6 b,,,,
KELT-6 c,,,,
KELT-7 b,,,,
KELT-20 b,,,,
KELT-21 b,,,,
KELT-23 A b,,,,
KELT-24 b,,,,
KELT-2 A b,,,,
KELT-3 b,,,,
KELT-4 A b,,,,
KELT-6 b,,,,
KELT-6 c,,,,
KELT-7 b,,,,
Kepler-1007 b,,,,
Kepler-1008 b,,,,
Kepler-1009 b,,,,
Kepler-100 b,,,,
Kepler-100 c,,,,
Kepler-100 d,,,,
Kepler-1010 b,,,,
Kepler-1011 b,,,,
Kepler-1012 b,,,,
Kepler-1013 b,,,,
Kepler-1014 b,,,,
Kepler-1015 b,,,,
Kepler-1016 b,,,,
Kepler-1016 c,,,,
Kepler-1017 b,,,,
Kepler-1018 b,,,,
Kepler-1019 b,,,,
Kepler-101 b,,,,
Kepler-101 c,,,,
Kepler-1020 b,,,,
Kepler-1021 b,,,,
Kepler-1022 b,,,,
Kepler-1023 b,,,,
Kepler-1024 b,,,,
Kepler-1025 b,,,,
Kepler-1026 b,,,,
Kepler-1027 b,,,,
Kepler-1028 b,,,,
Kepler-1029 b,,,,
Kepler-102 b,,,,
Kepler-1021 b,,,,
Kepler-1022 b,,,,
Kepler-1023 b,,,,
Kepler-1024 b,,,,
Kepler-1025 b,,,,
Kepler-1026 b,,,,
Kepler-1027 b,,,,
Kepler-1028 b,,,,
Kepler-1029 b,,,,
Kepler-102 b,,,,
Kepler-1021 b,,,,
Kepler-1022 b,,,,
Kepler-1023 b,,,,
Kepler-1024 b,,,,
Kepler-1025 b,,,,
Kepler-1026 b,,,,
Kepler-1027 b,,,,
Kepler-1028 b,,,,
Kepler-1029 b,,,,
Kepler-102 b,,,,
Kepler-1021 b,,,,
Kepler-1022 b,,,,
Kepler-1023 b,,,,
Kepler-1024 b,,,,
Kepler-1025 b,,,,
Kepler-1026 b,,,,
Kepler-1027 b,,,,
Kepler-1028 b,,,,
Kepler-1029 b,,,,
Kepler-102 b,,,,
Kepler-1021 b,,,,
Kepler-1022 b,,,,
Kepler-1023 b,,,,
Kepler-1024 b,,,,
Kepler-1025 b,,,,
Kepler-1026 b,,,,
Kepler-1027 b,,,,
Kepler-1028 b,,,,
Kepler-1029 b,,,,
Kepler-102 b,,,,
Kepler-102 c,,,,
Kepler-102 d,,,,
Kepler-102 e,,,,
Kepler-102 f,,,,
Kepler-1030 b,,,,
Kepler-1031 b,,,,
Kepler-1032 b,,,,
Kepler-1033 b,,,,
Kepler-1034 b,,,,
Kepler-1035 b,,,,
Kepler-102 c,,,,
Kepler-102 d,,,,
Kepler-102 e,,,,
Kepler-102 f,,,,
Kepler-1030 b,,,,
Kepler-1031 b,,,,
Kepler-1032 b,,,,
Kepler-1033 b,,,,
Kepler-1034 b,,,,
Kepler-1035 b,,,,
Kepler-102 c,,,,
Kepler-102 d,,,,
Kepler-102 e,,,,
Kepler-102 f,,,,
Kepler-1030 b,,,,
Kepler-1031 b,,,,
Kepler-1032 b,,,,
Kepler-1033 b,,,,
Kepler-1034 b,,,,
Kepler-1035 b,,,,
Kepler-1059 b,,,,
Kepler-105 b,,,,
Kepler-105 c,,,,
Kepler-1060 b,,,,
Kepler-1061 b,,,,
Kepler-1062 b,,,,
Kepler-1063 b,,,,
Kepler-1064 b,,,,
Kepler-1065 b,,,,
Kepler-1065 c,,,,
Kepler-1059 b,,,,
Kepler-105 b,,,,
Kepler-105 c,,,,
Kepler-1060 b,,,,
Kepler-1061 b,,,,
Kepler-1062 b,,,,
Kepler-1063 b,,,,
Kepler-1064 b,,,,
Kepler-1065 b,,,,
Kepler-1065 c,,,,
Kepler-1066 b,,,,
Kepler-1067 b,,,,
Kepler-1068 b,,,,
Kepler-1069 b,,,,
Kepler-106 b,,,,
Kepler-106 c,,,,
Kepler-106 d,,,,
Kepler-106 e,,,,
Kepler-1070 b,,,,
Kepler-1071 b,,,,
Kepler-1066 b,,,,
Kepler-1067 b,,,,
Kepler-1068 b,,,,
Kepler-1069 b,,,,
Kepler-106 b,,,,
Kepler-106 c,,,,
Kepler-106 d,,,,
Kepler-106 e,,,,
Kepler-1070 b,,,,
Kepler-1071 b,,,,
Kepler-1072 b,,,,
Kepler-1073 b,,,,
Kepler-1073 c,,,,
Kepler-1074 b,,,,
Kepler-1075 b,,,,
Kepler-1076 b,,,,
Kepler-1077 b,,,,
Kepler-1078 b,,,,
Kepler-1079 b,,,,
Kepler-107 b,,,,
Kepler-107 c,,,,
Kepler-107 d,,,,
Kepler-107 e,,,,
Kepler-1080 b,,,,
Kepler-1081 b,,,,
Kepler-1082 b,,,,
Kepler-1083 b,,,,
Kepler-1084 b,,,,
Kepler-1085 b,,,,
Kepler-1085 c,,,,
Kepler-107 c,,,,
Kepler-107 d,,,,
Kepler-107 e,,,,
Kepler-1080 b,,,,
Kepler-1081 b,,,,
Kepler-1082 b,,,,
Kepler-1083 b,,,,
Kepler-1084 b,,,,
Kepler-1085 b,,,,
Kepler-1085 c,,,,
Kepler-1086 b,,,,
Kepler-1086 c,,,,
Kepler-1087 b,,,,
Kepler-1088 b,,,,
Kepler-1089 b,,,,
Kepler-108 b,,,,
Kepler-108 c,,,,
Kepler-1090 b,,,,
Kepler-1091 b,,,,
Kepler-1092 b,,,,
Kepler-1093 b,,,,
Kepler-1093 c,,,,
Kepler-1094 b,,,,
Kepler-1095 b,,,,
Kepler-1096 b,,,,
Kepler-1097 b,,,,
Kepler-1098 b,,,,
Kepler-1099 b,,,,
Kepler-109 b,,,,
Kepler-109 c,,,,
Kepler-1093 b,,,,
Kepler-1093 c,,,,
Kepler-1094 b,,,,
Kepler-1095 b,,,,
Kepler-1096 b,,,,
Kepler-1097 b,,,,
Kepler-1098 b,,,,
Kepler-1099 b,,,,
Kepler-109 b,,,,
Kepler-109 c,,,,
Kepler-1108 b,,,,
Kepler-1109 b,,,,
Kepler-110 b,,,,
Kepler-110 c,,,,
Kepler-1110 b,,,,
Kepler-1111 b,,,,
Kepler-1112 b,,,,
Kepler-1113 b,,,,
Kepler-1114 b,,,,
Kepler-1115 b,,,,
Kepler-1108 b,,,,
Kepler-1109 b,,,,
Kepler-110 b,,,,
Kepler-110 c,,,,
Kepler-1110 b,,,,
Kepler-1111 b,,,,
Kepler-1112 b,,,,
Kepler-1113 b,,,,
Kepler-1114 b,,,,
Kepler-1115 b,,,,
Kepler-1108 b,,,,
Kepler-1109 b,,,,
Kepler-110 b,,,,
Kepler-110 c,,,,
Kepler-1110 b,,,,
Kepler-1111 b,,,,
Kepler-1112 b,,,,
Kepler-1113 b,,,,
Kepler-1114 b,,,,
Kepler-1115 b,,,,
Kepler-1108 b,,,,
Kepler-1109 b,,,,
Kepler-110 b,,,,
Kepler-110 c,,,,
Kepler-1110 b,,,,
Kepler-1111 b,,,,
Kepler-1112 b,,,,
Kepler-1113 b,,,,
Kepler-1114 b,,,,
Kepler-1115 b,,,,
Kepler-1108 b,,,,
Kepler-1109 b,,,,
Kepler-110 b,,,,
Kepler-110 c,,,,
Kepler-1110 b,,,,
Kepler-1111 b,,,,
Kepler-1112 b,,,,
Kepler-1113 b,,,,
Kepler-1114 b,,,,
Kepler-1115 b,,,,
Kepler-1124 b,,,,
Kepler-1125 b,,,,
Kepler-1126 b,,,,
Kepler-1127 b,,,,
Kepler-1128 b,,,,
Kepler-1129 b,,,,
Kepler-1129 c,,,,
Kepler-112 b,,,,
Kepler-112 c,,,,
Kepler-1130 b,,,,
Kepler-1131 b,,,,
Kepler-1132 b,,,,
Kepler-1133 b,,,,
Kepler-1134 b,,,,
Kepler-1135 b,,,,
Kepler-1136 b,,,,
Kepler-1137 b,,,,
Kepler-1138 b,,,,
Kepler-1139 b,,,,
Kepler-113 b,,,,
Kepler-113 c,,,,
Kepler-1140 b,,,,
Kepler-1141 b,,,,
Kepler-1142 b,,,,
Kepler-1143 b,,,,
Kepler-1143 c,,,,
Kepler-1144 b,,,,
Kepler-1145 b,,,,
Kepler-1146 b,,,,
Kepler-1147 b,,,,
Kepler-113 c,,,,
Kepler-1140 b,,,,
Kepler-1141 b,,,,
Kepler-1142 b,,,,
Kepler-1143 b,,,,
Kepler-1143 c,,,,
Kepler-1144 b,,,,
Kepler-1145 b,,,,
Kepler-1146 b,,,,
Kepler-1147 b,,,,
Kepler-1148 b,,,,
Kepler-1149 b,,,,
Kepler-114 b,,,,
Kepler-114 c,,,,
Kepler-114 d,,,,
Kepler-1150 b,,,,
Kepler-1151 b,,,,
Kepler-1152 b,,,,
Kepler-1153 b,,,,
Kepler-1154 b,,,,
Kepler-1154 c,,,,
Kepler-1155 b,,,,
Kepler-1156 b,,,,
Kepler-1157 b,,,,
Kepler-1158 b,,,,
Kepler-1159 b,,,,
Kepler-115 b,,,,
Kepler-115 c,,,,
Kepler-1160 b,,,,
Kepler-1161 b,,,,
Kepler-1154 c,,,,
Kepler-1155 b,,,,
Kepler-1156 b,,,,
Kepler-1157 b,,,,
Kepler-1158 b,,,,
Kepler-1159 b,,,,
Kepler-115 b,,,,
Kepler-115 c,,,,
Kepler-1160 b,,,,
Kepler-1161 b,,,,
Kepler-1162 b,,,,
Kepler-1163 b,,,,
Kepler-1164 b,,,,
Kepler-1165 b,,,,
Kepler-1166 b,,,,
Kepler-1167 b,,,,
Kepler-1168 b,,,,
Kepler-1169 b,,,,
Kepler-116 b,,,,
Kepler-116 c,,,,
Kepler-1170 b,,,,
Kepler-1171 b,,,,
Kepler-1172 b,,,,
Kepler-1173 b,,,,
Kepler-1174 b,,,,
Kepler-1175 b,,,,
Kepler-1176 b,,,,
Kepler-1177 b,,,,
Kepler-1178 b,,,,
Kepler-1179 b,,,,
Kepler-1170 b,,,,
Kepler-1171 b,,,,
Kepler-1172 b,,,,
Kepler-1173 b,,,,
Kepler-1174 b,,,,
Kepler-1175 b,,,,
Kepler-1176 b,,,,
Kepler-1177 b,,,,
Kepler-1178 b,,,,
Kepler-1179 b,,,,
Kepler-117 b,,,,
Kepler-117 c,,,,
Kepler-1180 b,,,,
Kepler-1181 b,,,,
Kepler-1182 b,,,,
Kepler-1183 b,,,,
Kepler-1184 b,,,,
Kepler-1185 b,,,,
Kepler-1186 b,,,,
Kepler-1187 b,,,,
Kepler-1188 b,,,,
Kepler-1189 b,,,,
Kepler-118 b,,,,
Kepler-118 c,,,,
Kepler-1190 b,,,,
Kepler-1191 b,,,,
Kepler-1192 b,,,,
Kepler-1193 b,,,,
Kepler-1194 b,,,,
Kepler-1195 b,,,,
Kepler-1196 b,,,,
Kepler-1197 b,,,,
Kepler-1198 b,,,,
Kepler-1199 b,,,,
Kepler-119 b,,,,
Kepler-119 c,,,,
Kepler-11 b,,,,
Kepler-11 c,,,,
Kepler-11 d,,,,
Kepler-11 e,,,,
Kepler-1196 b,,,,
Kepler-1197 b,,,,
Kepler-1198 b,,,,
Kepler-1199 b,,,,
Kepler-119 b,,,,
Kepler-119 c,,,,
Kepler-11 b,,,,
Kepler-11 c,,,,
Kepler-11 d,,,,
Kepler-11 e,,,,
Kepler-11 f,,,,
Kepler-11 g,,,,
Kepler-1200 b,,,,
Kepler-1201 b,,,,
Kepler-1202 b,,,,
Kepler-1203 b,,,,
Kepler-1204 b,,,,
Kepler-1205 b,,,,
Kepler-1206 b,,,,
Kepler-1207 b,,,,
Kepler-1208 b,,,,
Kepler-1209 b,,,,
Kepler-120 b,,,,
Kepler-120 c,,,,
Kepler-1210 b,,,,
Kepler-1211 b,,,,
Kepler-1212 b,,,,
Kepler-1213 b,,,,
Kepler-1214 b,,,,
Kepler-1215 b,,,,
Kepler-1216 b,,,,
Kepler-1217 b,,,,
Kepler-1218 b,,,,
Kepler-1219 b,,,,
Kepler-121 b,,,,
Kepler-121 c,,,,
Kepler-1220 b,,,,
Kepler-1221 b,,,,
Kepler-1222 b,,,,
Kepler-1223 b,,,,
Kepler-1216 b,,,,
Kepler-1217 b,,,,
Kepler-1218 b,,,,
Kepler-1219 b,,,,
Kepler-121 b,,,,
Kepler-121 c,,,,
Kepler-1220 b,,,,
Kepler-1221 b,,,,
Kepler-1222 b,,,,
Kepler-1223 b,,,,
Kepler-1216 b,,,,
Kepler-1217 b,,,,
Kepler-1218 b,,,,
Kepler-1219 b,,,,
Kepler-121 b,,,,
Kepler-121 c,,,,
Kepler-1220 b,,,,
Kepler-1221 b,,,,
Kepler-1222 b,,,,
Kepler-1223 b,,,,
Kepler-1216 b,,,,
Kepler-1217 b,,,,
Kepler-1218 b,,,,
Kepler-1219 b,,,,
Kepler-121 b,,,,
Kepler-121 c,,,,
Kepler-1220 b,,,,
Kepler-1221 b,,,,
Kepler-1222 b,,,,
Kepler-1223 b,,,,
Kepler-1216 b,,,,
Kepler-1217 b,,,,
Kepler-1218 b,,,,
Kepler-1219 b,,,,
Kepler-121 b,,,,
Kepler-121 c,,,,
Kepler-1220 b,,,,
Kepler-1221 b,,,,
Kepler-1222 b,,,,
Kepler-1223 b,,,,
Kepler-1216 b,,,,
Kepler-1217 b,,,,
Kepler-1218 b,,,,
Kepler-1219 b,,,,
Kepler-121 b,,,,
Kepler-121 c,,,,
Kepler-1220 b,,,,
Kepler-1221 b,,,,
Kepler-1222 b,,,,
Kepler-1223 b,,,,
Kepler-1216 b,,,,
Kepler-1217 b,,,,
Kepler-1218 b,,,,
Kepler-1219 b,,,,
Kepler-121 b,,,,
Kepler-121 c,,,,
Kepler-1220 b,,,,
Kepler-1221 b,,,,
Kepler-1222 b,,,,
Kepler-1223 b,,,,
Kepler-1216 b,,,,
Kepler-1217 b,,,,
Kepler-1218 b,,,,
Kepler-1219 b,,,,
Kepler-121 b,,,,
Kepler-121 c,,,,
Kepler-1220 b,,,,
Kepler-1221 b,,,,
Kepler-1222 b,,,,
Kepler-1223 b,,,,
Kepler-1216 b,,,,
Kepler-1217 b,,,,
Kepler-1218 b,,,,
Kepler-1219 b,,,,
Kepler-121 b,,,,
Kepler-121 c,,,,
Kepler-1220 b,,,,
Kepler-1221 b,,,,
Kepler-1222 b,,,,
Kepler-1223 b,,,,
Kepler-1239 b,,,,
Kepler-123 b,,,,
Kepler-123 c,,,,
Kepler-1240 b,,,,
Kepler-1241 b,,,,
Kepler-1242 b,,,,
Kepler-1243 b,,,,
Kepler-1244 b,,,,
Kepler-1245 b,,,,
Kepler-1245 c,,,,
Kepler-1253 b,,,,
Kepler-1254 b,,,,
Kepler-1254 c,,,,
Kepler-1254 d,,,,
Kepler-1255 b,,,,
Kepler-1256 b,,,,
Kepler-1257 b,,,,
Kepler-1258 b,,,,
Kepler-1259 b,,,,
Kepler-125 b,,,,
Kepler-1253 b,,,,
Kepler-1254 b,,,,
Kepler-1254 c,,,,
Kepler-1254 d,,,,
Kepler-1255 b,,,,
Kepler-1256 b,,,,
Kepler-1257 b,,,,
Kepler-1258 b,,,,
Kepler-1259 b,,,,
Kepler-125 b,,,,
Kepler-125 c,,,,
Kepler-1260 b,,,,
Kepler-1261 b,,,,
Kepler-1262 b,,,,
Kepler-1263 b,,,,
Kepler-1264 b,,,,
Kepler-1265 b,,,,
Kepler-1266 b,,,,
Kepler-1267 b,,,,
Kepler-1268 b,,,,
Kepler-1283 b,,,,
Kepler-1284 b,,,,
Kepler-1285 b,,,,
Kepler-1286 b,,,,
Kepler-1287 b,,,,
Kepler-1288 b,,,,
Kepler-1289 b,,,,
Kepler-128 b,,,,
Kepler-128 c,,,,
Kepler-1290 b,,,,
Kepler-1283 b,,,,
Kepler-1284 b,,,,
Kepler-1285 b,,,,
Kepler-1286 b,,,,
Kepler-1287 b,,,,
Kepler-1288 b,,,,
Kepler-1289 b,,,,
Kepler-128 b,,,,
Kepler-128 c,,,,
Kepler-1290 b,,,,
Kepler-1283 b,,,,
Kepler-1284 b,,,,
Kepler-1285 b,,,,
Kepler-1286 b,,,,
Kepler-1287 b,,,,
Kepler-1288 b,,,,
Kepler-1289 b,,,,
Kepler-128 b,,,,
Kepler-128 c,,,,
Kepler-1290 b,,,,
Kepler-1283 b,,,,
Kepler-1284 b,,,,
Kepler-1285 b,,,,
Kepler-1286 b,,,,
Kepler-1287 b,,,,
Kepler-1288 b,,,,
Kepler-1289 b,,,,
Kepler-128 b,,,,
Kepler-128 c,,,,
Kepler-1290 b,,,,
Kepler-1283 b,,,,
Kepler-1284 b,,,,
Kepler-1285 b,,,,
Kepler-1286 b,,,,
Kepler-1287 b,,,,
Kepler-1288 b,,,,
Kepler-1289 b,,,,
Kepler-128 b,,,,
Kepler-128 c,,,,
Kepler-1290 b,,,,
Kepler-1291 b,,,,
Kepler-1292 b,,,,
Kepler-1293 b,,,,
Kepler-1294 b,,,,
Kepler-1295 b,,,,
Kepler-1296 b,,,,
Kepler-1297 b,,,,
Kepler-1298 b,,,,
Kepler-1299 b,,,,
Kepler-129 b,,,,
Kepler-129 c,,,,
Kepler-12 b,,,,
Kepler-1300 b,,,,
Kepler-1301 b,,,,
Kepler-1302 b,,,,
Kepler-1303 b,,,,
Kepler-1304 b,,,,
Kepler-1305 b,,,,
Kepler-1306 b,,,,
Kepler-1307 b,,,,
Kepler-129 c,,,,
Kepler-12 b,,,,
Kepler-1300 b,,,,
Kepler-1301 b,,,,
Kepler-1302 b,,,,
Kepler-1303 b,,,,
Kepler-1304 b,,,,
Kepler-1305 b,,,,
Kepler-1306 b,,,,
Kepler-1307 b,,,,
Kepler-1308 b,,,,
Kepler-1309 b,,,,
Kepler-130 b,,,,
Kepler-130 c,,,,
Kepler-130 d,,,,
Kepler-1310 b,,,,
Kepler-1311 b,,,,
Kepler-1311 c,,,,
Kepler-1312 b,,,,
Kepler-1313 b,,,,
Kepler-1314 b,,,,
Kepler-1315 b,,,,
Kepler-1316 b,,,,
Kepler-1317 b,,,,
Kepler-1318 b,,,,
Kepler-1319 b,,,,
Kepler-131 b,,,,
Kepler-131 c,,,,
Kepler-1320 b,,,,
Kepler-1321 b,,,,
Kepler-1314 b,,,,
Kepler-1315 b,,,,
Kepler-1316 b,,,,
Kepler-1317 b,,,,
Kepler-1318 b,,,,
Kepler-1319 b,,,,
Kepler-131 b,,,,
Kepler-131 c,,,,
Kepler-1320 b,,,,
Kepler-1321 b,,,,
Kepler-1321 c,,,,
Kepler-1322 b,,,,
Kepler-1323 b,,,,
Kepler-1324 b,,,,
Kepler-1325 b,,,,
Kepler-1326 b,,,,
Kepler-1327 b,,,,
Kepler-1328 b,,,,
Kepler-1329 b,,,,
Kepler-132 b,,,,
Kepler-1321 c,,,,
Kepler-1322 b,,,,
Kepler-1323 b,,,,
Kepler-1324 b,,,,
Kepler-1325 b,,,,
Kepler-1326 b,,,,
Kepler-1327 b,,,,
Kepler-1328 b,,,,
Kepler-1329 b,,,,
Kepler-132 b,,,,
Kepler-1321 c,,,,
Kepler-1322 b,,,,
Kepler-1323 b,,,,
Kepler-1324 b,,,,
Kepler-1325 b,,,,
Kepler-1326 b,,,,
Kepler-1327 b,,,,
Kepler-1328 b,,,,
Kepler-1329 b,,,,
Kepler-132 b,,,,
Kepler-1321 c,,,,
Kepler-1322 b,,,,
Kepler-1323 b,,,,
Kepler-1324 b,,,,
Kepler-1325 b,,,,
Kepler-1326 b,,,,
Kepler-1327 b,,,,
Kepler-1328 b,,,,
Kepler-1329 b,,,,
Kepler-132 b,,,,
Kepler-1321 c,,,,
Kepler-1322 b,,,,
Kepler-1323 b,,,,
Kepler-1324 b,,,,
Kepler-1325 b,,,,
Kepler-1326 b,,,,
Kepler-1327 b,,,,
Kepler-1328 b,,,,
Kepler-1329 b,,,,
Kepler-132 b,,,,
Kepler-1321 c,,,,
Kepler-1322 b,,,,
Kepler-1323 b,,,,
Kepler-1324 b,,,,
Kepler-1325 b,,,,
Kepler-1326 b,,,,
Kepler-1327 b,,,,
Kepler-1328 b,,,,
Kepler-1329 b,,,,
Kepler-132 b,,,,
Kepler-1321 c,,,,
Kepler-1322 b,,,,
Kepler-1323 b,,,,
Kepler-1324 b,,,,
Kepler-1325 b,,,,
Kepler-1326 b,,,,
Kepler-1327 b,,,,
Kepler-1328 b,,,,
Kepler-1329 b,,,,
Kepler-132 b,,,,
Kepler-1321 c,,,,
Kepler-1322 b,,,,
Kepler-1323 b,,,,
Kepler-1324 b,,,,
Kepler-1325 b,,,,
Kepler-1326 b,,,,
Kepler-1327 b,,,,
Kepler-1328 b,,,,
Kepler-1329 b,,,,
Kepler-132 b,,,,
Kepler-1321 c,,,,
Kepler-1322 b,,,,
Kepler-1323 b,,,,
Kepler-1324 b,,,,
Kepler-1325 b,,,,
Kepler-1326 b,,,,
Kepler-1327 b,,,,
Kepler-1328 b,,,,
Kepler-1329 b,,,,
Kepler-132 b,,,,
Kepler-132 c,,,,
Kepler-132 d,,,,
Kepler-132 e,,,,
Kepler-1330 b,,,,
Kepler-1331 b,,,,
Kepler-1332 b,,,,
Kepler-1333 b,,,,
Kepler-1334 b,,,,
Kepler-1335 b,,,,
Kepler-1336 b,,,,
Kepler-132 c,,,,
Kepler-132 d,,,,
Kepler-132 e,,,,
Kepler-1330 b,,,,
Kepler-1331 b,,,,
Kepler-1332 b,,,,
Kepler-1333 b,,,,
Kepler-1334 b,,,,
Kepler-1335 b,,,,
Kepler-1336 b,,,,
Kepler-1344 b,,,,
Kepler-1345 b,,,,
Kepler-1346 b,,,,
Kepler-1347 b,,,,
Kepler-1348 b,,,,
Kepler-1349 b,,,,
Kepler-134 b,,,,
Kepler-134 c,,,,
Kepler-1350 b,,,,
Kepler-1350 c,,,,
Kepler-1344 b,,,,
Kepler-1345 b,,,,
Kepler-1346 b,,,,
Kepler-1347 b,,,,
Kepler-1348 b,,,,
Kepler-1349 b,,,,
Kepler-134 b,,,,
Kepler-134 c,,,,
Kepler-1350 b,,,,
Kepler-1350 c,,,,
Kepler-1389 b,,,,
Kepler-138 b,,,,
Kepler-138 c,,,,
Kepler-138 d,,,,
Kepler-1390 b,,,,
Kepler-1391 b,,,,
Kepler-1392 b,,,,
Kepler-1393 b,,,,
Kepler-1394 b,,,,
Kepler-1395 b,,,,
Kepler-1396 b,,,,
Kepler-1397 b,,,,
Kepler-1398 b,,,,
Kepler-1398 c,,,,
Kepler-1399 b,,,,
Kepler-139 b,,,,
Kepler-139 c,,,,
Kepler-1400 b,,,,
Kepler-1401 b,,,,
Kepler-1402 b,,,,
Kepler-1396 b,,,,
Kepler-1397 b,,,,
Kepler-1398 b,,,,
Kepler-1398 c,,,,
Kepler-1399 b,,,,
Kepler-139 b,,,,
Kepler-139 c,,,,
Kepler-1400 b,,,,
Kepler-1401 b,,,,
Kepler-1402 b,,,,
Kepler-1396 b,,,,
Kepler-1397 b,,,,
Kepler-1398 b,,,,
Kepler-1398 c,,,,
Kepler-1399 b,,,,
Kepler-139 b,,,,
Kepler-139 c,,,,
Kepler-1400 b,,,,
Kepler-1401 b,,,,
Kepler-1402 b,,,,
Kepler-1396 b,,,,
Kepler-1397 b,,,,
Kepler-1398 b,,,,
Kepler-1398 c,,,,
Kepler-1399 b,,,,
Kepler-139 b,,,,
Kepler-139 c,,,,
Kepler-1400 b,,,,
Kepler-1401 b,,,,
Kepler-1402 b,,,,
Kepler-1396 b,,,,
Kepler-1397 b,,,,
Kepler-1398 b,,,,
Kepler-1398 c,,,,
Kepler-1399 b,,,,
Kepler-139 b,,,,
Kepler-139 c,,,,
Kepler-1400 b,,,,
Kepler-1401 b,,,,
Kepler-1402 b,,,,
Kepler-1396 b,,,,
Kepler-1397 b,,,,
Kepler-1398 b,,,,
Kepler-1398 c,,,,
Kepler-1399 b,,,,
Kepler-139 b,,,,
Kepler-139 c,,,,
Kepler-1400 b,,,,
Kepler-1401 b,,,,
Kepler-1402 b,,,,
Kepler-1403 b,,,,
Kepler-1404 b,,,,
Kepler-1405 b,,,,
Kepler-1406 b,,,,
Kepler-1407 b,,,,
Kepler-1408 b,,,,
Kepler-1409 b,,,,
Kepler-140 b,,,,
Kepler-140 c,,,,
Kepler-1410 b,,,,
Kepler-141 c,,,,
Kepler-1420 b,,,,
Kepler-1421 b,,,,
Kepler-1422 b,,,,
Kepler-1423 b,,,,
Kepler-1424 b,,,,
Kepler-1425 b,,,,
Kepler-1426 b,,,,
Kepler-1427 b,,,,
Kepler-1428 b,,,,
Kepler-1436 b,,,,
Kepler-1437 b,,,,
Kepler-1438 b,,,,
Kepler-1439 b,,,,
Kepler-143 b,,,,
Kepler-143 c,,,,
Kepler-1440 b,,,,
Kepler-1441 b,,,,
Kepler-1442 b,,,,
Kepler-1443 b,,,,
Kepler-1436 b,,,,
Kepler-1437 b,,,,
Kepler-1438 b,,,,
Kepler-1439 b,,,,
Kepler-143 b,,,,
Kepler-143 c,,,,
Kepler-1440 b,,,,
Kepler-1441 b,,,,
Kepler-1442 b,,,,
Kepler-1443 b,,,,
Kepler-1436 b,,,,
Kepler-1437 b,,,,
Kepler-1438 b,,,,
Kepler-1439 b,,,,
Kepler-143 b,,,,
Kepler-143 c,,,,
Kepler-1440 b,,,,
Kepler-1441 b,,,,
Kepler-1442 b,,,,
Kepler-1443 b,,,,
Kepler-1436 b,,,,
Kepler-1437 b,,,,
Kepler-1438 b,,,,
Kepler-1439 b,,,,
Kepler-143 b,,,,
Kepler-143 c,,,,
Kepler-1440 b,,,,
Kepler-1441 b,,,,
Kepler-1442 b,,,,
Kepler-1443 b,,,,
Kepler-1452 b,,,,
Kepler-1453 b,,,,
Kepler-1454 b,,,,
Kepler-1455 b,,,,
Kepler-1456 b,,,,
Kepler-1457 b,,,,
Kepler-1458 b,,,,
Kepler-1459 b,,,,
Kepler-145 b,,,,
Kepler-145 c,,,,
Kepler-1468 c,,,,
Kepler-1469 b,,,,
Kepler-146 b,,,,
Kepler-146 c,,,,
Kepler-1470 b,,,,
Kepler-1471 b,,,,
Kepler-1472 b,,,,
Kepler-1473 b,,,,
Kepler-1474 b,,,,
Kepler-1475 b,,,,
Kepler-1476 b,,,,
Kepler-1477 b,,,,
Kepler-1478 b,,,,
Kepler-1479 b,,,,
Kepler-147 b,,,,
Kepler-147 c,,,,
Kepler-1480 b,,,,
Kepler-1481 b,,,,
Kepler-1482 b,,,,
Kepler-1483 b,,,,
Kepler-1476 b,,,,
Kepler-1477 b,,,,
Kepler-1478 b,,,,
Kepler-1479 b,,,,
Kepler-147 b,,,,
Kepler-147 c,,,,
Kepler-1480 b,,,,
Kepler-1481 b,,,,
Kepler-1482 b,,,,
Kepler-1483 b,,,,
Kepler-1491 b,,,,
Kepler-1492 b,,,,
Kepler-1493 b,,,,
Kepler-1494 b,,,,
Kepler-1495 b,,,,
Kepler-1496 b,,,,
Kepler-1497 b,,,,
Kepler-1498 b,,,,
Kepler-1499 b,,,,
Kepler-149 b,,,,
Kepler-1491 b,,,,
Kepler-1492 b,,,,
Kepler-1493 b,,,,
Kepler-1494 b,,,,
Kepler-1495 b,,,,
Kepler-1496 b,,,,
Kepler-1497 b,,,,
Kepler-1498 b,,,,
Kepler-1499 b,,,,
Kepler-149 b,,,,
Kepler-1491 b,,,,
Kepler-1492 b,,,,
Kepler-1493 b,,,,
Kepler-1494 b,,,,
Kepler-1495 b,,,,
Kepler-1496 b,,,,
Kepler-1497 b,,,,
Kepler-1498 b,,,,
Kepler-1499 b,,,,
Kepler-149 b,,,,
Kepler-1491 b,,,,
Kepler-1492 b,,,,
Kepler-1493 b,,,,
Kepler-1494 b,,,,
Kepler-1495 b,,,,
Kepler-1496 b,,,,
Kepler-1497 b,,,,
Kepler-1498 b,,,,
Kepler-1499 b,,,,
Kepler-149 b,,,,
Kepler-1491 b,,,,
Kepler-1492 b,,,,
Kepler-1493 b,,,,
Kepler-1494 b,,,,
Kepler-1495 b,,,,
Kepler-1496 b,,,,
Kepler-1497 b,,,,
Kepler-1498 b,,,,
Kepler-1499 b,,,,
Kepler-149 b,,,,
Kepler-1491 b,,,,
Kepler-1492 b,,,,
Kepler-1493 b,,,,
Kepler-1494 b,,,,
Kepler-1495 b,,,,
Kepler-1496 b,,,,
Kepler-1497 b,,,,
Kepler-1498 b,,,,
Kepler-1499 b,,,,
Kepler-149 b,,,,
Kepler-1507 b,,,,
Kepler-1508 b,,,,
Kepler-1509 b,,,,
Kepler-150 b,,,,
Kepler-150 c,,,,
Kepler-150 d,,,,
Kepler-150 e,,,,
Kepler-150 f,,,,
Kepler-1510 b,,,,
Kepler-1511 b,,,,
Kepler-1512 b,,,,
Kepler-1513 b,,,,
Kepler-1514 b,,,,
Kepler-1514 c,,,,
Kepler-1515 b,,,,
Kepler-1516 b,,,,
Kepler-1517 b,,,,
Kepler-1518 b,,,,
Kepler-1519 b,,,,
Kepler-151 b,,,,
Kepler-1529 b,,,,
Kepler-152 b,,,,
Kepler-152 c,,,,
Kepler-1530 b,,,,
Kepler-1530 c,,,,
Kepler-1531 b,,,,
Kepler-1532 b,,,,
Kepler-1533 b,,,,
Kepler-1534 b,,,,
Kepler-1535 b,,,,
Kepler-1529 b,,,,
Kepler-152 b,,,,
Kepler-152 c,,,,
Kepler-1530 b,,,,
Kepler-1530 c,,,,
Kepler-1531 b,,,,
Kepler-1532 b,,,,
Kepler-1533 b,,,,
Kepler-1534 b,,,,
Kepler-1535 b,,,,
Kepler-1529 b,,,,
Kepler-152 b,,,,
Kepler-152 c,,,,
Kepler-1530 b,,,,
Kepler-1530 c,,,,
Kepler-1531 b,,,,
Kepler-1532 b,,,,
Kepler-1533 b,,,,
Kepler-1534 b,,,,
Kepler-1535 b,,,,
Kepler-1529 b,,,,
Kepler-152 b,,,,
Kepler-152 c,,,,
Kepler-1530 b,,,,
Kepler-1530 c,,,,
Kepler-1531 b,,,,
Kepler-1532 b,,,,
Kepler-1533 b,,,,
Kepler-1534 b,,,,
Kepler-1535 b,,,,
Kepler-1536 b,,,,
Kepler-1537 b,,,,
Kepler-1538 b,,,,
Kepler-1539 b,,,,
Kepler-153 b,,,,
Kepler-153 c,,,,
Kepler-1540 b,,,,
Kepler-1541 b,,,,
Kepler-1542 b,,,,
Kepler-1542 c,,,,
Kepler-1542 d,,,,
Kepler-1542 e,,,,
Kepler-1543 b,,,,
Kepler-1544 b,,,,
Kepler-1545 b,,,,
Kepler-1546 b,,,,
Kepler-1547 b,,,,
Kepler-1548 b,,,,
Kepler-1549 b,,,,
Kepler-154 b,,,,
Kepler-1542 d,,,,
Kepler-1542 e,,,,
Kepler-1543 b,,,,
Kepler-1544 b,,,,
Kepler-1545 b,,,,
Kepler-1546 b,,,,
Kepler-1547 b,,,,
Kepler-1548 b,,,,
Kepler-1549 b,,,,
Kepler-154 b,,,,
Kepler-1556 b,,,,
Kepler-1557 b,,,,
Kepler-1558 b,,,,
Kepler-1559 b,,,,
Kepler-155 b,,,,
Kepler-155 c,,,,
Kepler-1560 b,,,,
Kepler-1561 b,,,,
Kepler-1562 b,,,,
Kepler-1563 b,,,,
Kepler-1556 b,,,,
Kepler-1557 b,,,,
Kepler-1558 b,,,,
Kepler-1559 b,,,,
Kepler-155 b,,,,
Kepler-155 c,,,,
Kepler-1560 b,,,,
Kepler-1561 b,,,,
Kepler-1562 b,,,,
Kepler-1563 b,,,,
Kepler-1572 b,,,,
Kepler-1573 b,,,,
Kepler-1574 b,,,,
Kepler-1575 b,,,,
Kepler-1576 b,,,,
Kepler-1577 b,,,,
Kepler-1578 b,,,,
Kepler-1579 b,,,,
Kepler-157 b,,,,
Kepler-157 c,,,,
Kepler-1572 b,,,,
Kepler-1573 b,,,,
Kepler-1574 b,,,,
Kepler-1575 b,,,,
Kepler-1576 b,,,,
Kepler-1577 b,,,,
Kepler-1578 b,,,,
Kepler-1579 b,,,,
Kepler-157 b,,,,
Kepler-157 c,,,,
Kepler-1572 b,,,,
Kepler-1573 b,,,,
Kepler-1574 b,,,,
Kepler-1575 b,,,,
Kepler-1576 b,,,,
Kepler-1577 b,,,,
Kepler-1578 b,,,,
Kepler-1579 b,,,,
Kepler-157 b,,,,
Kepler-157 c,,,,
Kepler-1572 b,,,,
Kepler-1573 b,,,,
Kepler-1574 b,,,,
Kepler-1575 b,,,,
Kepler-1576 b,,,,
Kepler-1577 b,,,,
Kepler-1578 b,,,,
Kepler-1579 b,,,,
Kepler-157 b,,,,
Kepler-157 c,,,,
Kepler-157 d,,,,
Kepler-1580 b,,,,
Kepler-1581 b,,,,
Kepler-1582 b,,,,
Kepler-1583 b,,,,
Kepler-1584 b,,,,
Kepler-1585 b,,,,
Kepler-1586 b,,,,
Kepler-1587 b,,,,
Kepler-1588 b,,,,
Kepler-1597 b,,,,
Kepler-1598 b,,,,
Kepler-1599 b,,,,
Kepler-159 b,,,,
Kepler-159 c,,,,
Kepler-15 b,,,,
Kepler-1600 b,,,,
Kepler-1601 b,,,,
Kepler-1602 b,,,,
Kepler-1603 b,,,,
Kepler-1604 b,,,,
Kepler-1605 b,,,,
Kepler-1606 b,,,,
Kepler-1607 b,,,,
Kepler-1608 b,,,,
Kepler-1609 b,,,,
Kepler-160 b,,,,
Kepler-160 c,,,,
Kepler-160 d,,,,
Kepler-1610 b,,,,
Kepler-1604 b,,,,
Kepler-1605 b,,,,
Kepler-1606 b,,,,
Kepler-1607 b,,,,
Kepler-1608 b,,,,
Kepler-1609 b,,,,
Kepler-160 b,,,,
Kepler-160 c,,,,
Kepler-160 d,,,,
Kepler-1610 b,,,,
Kepler-161 c,,,,
Kepler-1620 b,,,,
Kepler-1621 b,,,,
Kepler-1622 b,,,,
Kepler-1623 b,,,,
Kepler-1624 b,,,,
Kepler-1625 b,,,,
Kepler-1626 b,,,,
Kepler-1627 b,,,,
Kepler-1628 b,,,,
Kepler-161 c,,,,
Kepler-1620 b,,,,
Kepler-1621 b,,,,
Kepler-1622 b,,,,
Kepler-1623 b,,,,
Kepler-1624 b,,,,
Kepler-1625 b,,,,
Kepler-1626 b,,,,
Kepler-1627 b,,,,
Kepler-1628 b,,,,
Kepler-161 c,,,,
Kepler-1620 b,,,,
Kepler-1621 b,,,,
Kepler-1622 b,,,,
Kepler-1623 b,,,,
Kepler-1624 b,,,,
Kepler-1625 b,,,,
Kepler-1626 b,,,,
Kepler-1627 b,,,,
Kepler-1628 b,,,,
Kepler-161 c,,,,
Kepler-1620 b,,,,
Kepler-1621 b,,,,
Kepler-1622 b,,,,
Kepler-1623 b,,,,
Kepler-1624 b,,,,
Kepler-1625 b,,,,
Kepler-1626 b,,,,
Kepler-1627 b,,,,
Kepler-1628 b,,,,
Kepler-161 c,,,,
Kepler-1620 b,,,,
Kepler-1621 b,,,,
Kepler-1622 b,,,,
Kepler-1623 b,,,,
Kepler-1624 b,,,,
Kepler-1625 b,,,,
Kepler-1626 b,,,,
Kepler-1627 b,,,,
Kepler-1628 b,,,,
Kepler-161 c,,,,
Kepler-1620 b,,,,
Kepler-1621 b,,,,
Kepler-1622 b,,,,
Kepler-1623 b,,,,
Kepler-1624 b,,,,
Kepler-1625 b,,,,
Kepler-1626 b,,,,
Kepler-1627 b,,,,
Kepler-1628 b,,,,
Kepler-161 c,,,,
Kepler-1620 b,,,,
Kepler-1621 b,,,,
Kepler-1622 b,,,,
Kepler-1623 b,,,,
Kepler-1624 b,,,,
Kepler-1625 b,,,,
Kepler-1626 b,,,,
Kepler-1627 b,,,,
Kepler-1628 b,,,,
Kepler-161 c,,,,
Kepler-1620 b,,,,
Kepler-1621 b,,,,
Kepler-1622 b,,,,
Kepler-1623 b,,,,
Kepler-1624 b,,,,
Kepler-1625 b,,,,
Kepler-1626 b,,,,
Kepler-1627 b,,,,
Kepler-1628 b,,,,
Kepler-161 c,,,,
Kepler-1620 b,,,,
Kepler-1621 b,,,,
Kepler-1622 b,,,,
Kepler-1623 b,,,,
Kepler-1624 b,,,,
Kepler-1625 b,,,,
Kepler-1626 b,,,,
Kepler-1627 b,,,,
Kepler-1628 b,,,,
Kepler-161 c,,,,
Kepler-1620 b,,,,
Kepler-1621 b,,,,
Kepler-1622 b,,,,
Kepler-1623 b,,,,
Kepler-1624 b,,,,
Kepler-1625 b,,,,
Kepler-1626 b,,,,
Kepler-1627 b,,,,
Kepler-1628 b,,,,
Kepler-161 c,,,,
Kepler-1620 b,,,,
Kepler-1621 b,,,,
Kepler-1622 b,,,,
Kepler-1623 b,,,,
Kepler-1624 b,,,,
Kepler-1625 b,,,,
Kepler-1626 b,,,,
Kepler-1627 b,,,,
Kepler-1628 b,,,,
Kepler-161 c,,,,
Kepler-1620 b,,,,
Kepler-1621 b,,,,
Kepler-1622 b,,,,
Kepler-1623 b,,,,
Kepler-1624 b,,,,
Kepler-1625 b,,,,
Kepler-1626 b,,,,
Kepler-1627 b,,,,
Kepler-1628 b,,,,
Kepler-1629 b,,,,
Kepler-162 b,,,,
Kepler-162 c,,,,
Kepler-1630 b,,,,
Kepler-1631 b,,,,
Kepler-1632 b,,,,
Kepler-1633 b,,,,
Kepler-1634 b,,,,
Kepler-1635 b,,,,
Kepler-1636 b,,,,
Kepler-1637 b,,,,
Kepler-1638 b,,,,
Kepler-1639 b,,,,
Kepler-163 b,,,,
Kepler-163 c,,,,
Kepler-1640 b,,,,
Kepler-1641 b,,,,
Kepler-1641 c,,,,
Kepler-1642 b,,,,
Kepler-1642 c,,,,
Kepler-1643 b,,,,
Kepler-1644 b,,,,
Kepler-1645 b,,,,
Kepler-1646 b,,,,
Kepler-1647 b,,,,
Kepler-1649 b,,,,
Kepler-1649 c,,,,
Kepler-164 b,,,,
Kepler-164 c,,,,
Kepler-164 d,,,,
Kepler-1678 b,,,,
Kepler-1679 b,,,,
Kepler-167 b,,,,
Kepler-167 c,,,,
Kepler-167 d,,,,
Kepler-167 e,,,,
Kepler-1680 b,,,,
Kepler-1681 b,,,,
Kepler-1682 b,,,,
Kepler-1683 b,,,,
Kepler-169 d,,,,
Kepler-169 e,,,,
Kepler-169 f,,,,
Kepler-16 b,,,,
Kepler-1700 b,,,,
Kepler-1701 b,,,,
Kepler-1702 b,,,,
Kepler-170 b,,,,
Kepler-170 c,,,,
Kepler-171 b,,,,
Kepler-169 d,,,,
Kepler-169 e,,,,
Kepler-169 f,,,,
Kepler-16 b,,,,
Kepler-1700 b,,,,
Kepler-1701 b,,,,
Kepler-1702 b,,,,
Kepler-170 b,,,,
Kepler-170 c,,,,
Kepler-171 b,,,,
Kepler-171 c,,,,
Kepler-171 d,,,,
Kepler-172 b,,,,
Kepler-172 c,,,,
Kepler-172 d,,,,
Kepler-172 e,,,,
Kepler-173 b,,,,
Kepler-173 c,,,,
Kepler-174 b,,,,
Kepler-174 c,,,,
Kepler-174 d,,,,
Kepler-175 b,,,,
Kepler-175 c,,,,
Kepler-176 b,,,,
Kepler-176 c,,,,
Kepler-176 d,,,,
Kepler-176 e,,,,
Kepler-177 b,,,,
Kepler-177 c,,,,
Kepler-178 b,,,,
Kepler-174 d,,,,
Kepler-175 b,,,,
Kepler-175 c,,,,
Kepler-176 b,,,,
Kepler-176 c,,,,
Kepler-176 d,,,,
Kepler-176 e,,,,
Kepler-177 b,,,,
Kepler-177 c,,,,
Kepler-178 b,,,,
Kepler-174 d,,,,
Kepler-175 b,,,,
Kepler-175 c,,,,
Kepler-176 b,,,,
Kepler-176 c,,,,
Kepler-176 d,,,,
Kepler-176 e,,,,
Kepler-177 b,,,,
Kepler-177 c,,,,
Kepler-178 b,,,,
Kepler-174 d,,,,
Kepler-175 b,,,,
Kepler-175 c,,,,
Kepler-176 b,,,,
Kepler-176 c,,,,
Kepler-176 d,,,,
Kepler-176 e,,,,
Kepler-177 b,,,,
Kepler-177 c,,,,
Kepler-178 b,,,,
Kepler-174 d,,,,
Kepler-175 b,,,,
Kepler-175 c,,,,
Kepler-176 b,,,,
Kepler-176 c,,,,
Kepler-176 d,,,,
Kepler-176 e,,,,
Kepler-177 b,,,,
Kepler-177 c,,,,
Kepler-178 b,,,,
Kepler-174 d,,,,
Kepler-175 b,,,,
Kepler-175 c,,,,
Kepler-176 b,,,,
Kepler-176 c,,,,
Kepler-176 d,,,,
Kepler-176 e,,,,
Kepler-177 b,,,,
Kepler-177 c,,,,
Kepler-178 b,,,,
Kepler-178 c,,,,
Kepler-178 d,,,,
Kepler-179 b,,,,
Kepler-179 c,,,,
Kepler-17 b,,,,
Kepler-180 b,,,,
Kepler-180 c,,,,
Kepler-181 b,,,,
Kepler-181 c,,,,
Kepler-182 b,,,,
Kepler-182 c,,,,
Kepler-183 b,,,,
Kepler-183 c,,,,
Kepler-184 b,,,,
Kepler-184 c,,,,
Kepler-184 d,,,,
Kepler-185 b,,,,
Kepler-185 c,,,,
Kepler-186 b,,,,
Kepler-186 c,,,,
Kepler-186 d,,,,
Kepler-186 e,,,,
Kepler-186 f,,,,
Kepler-187 b,,,,
Kepler-187 c,,,,
Kepler-188 b,,,,
Kepler-188 c,,,,
Kepler-189 b,,,,
Kepler-189 c,,,,
Kepler-18 b,,,,
Kepler-18 c,,,,
Kepler-18 d,,,,
Kepler-190 b,,,,
Kepler-190 c,,,,
Kepler-191 b,,,,
Kepler-191 c,,,,
Kepler-191 d,,,,
Kepler-192 b,,,,
Kepler-192 c,,,,
Kepler-192 d,,,,
Kepler-193 b,,,,
Kepler-193 c,,,,
Kepler-194 b,,,,
Kepler-194 c,,,,
Kepler-194 d,,,,
Kepler-195 b,,,,
Kepler-195 c,,,,
Kepler-196 b,,,,
Kepler-196 c,,,,
Kepler-197 b,,,,
Kepler-193 b,,,,
Kepler-193 c,,,,
Kepler-194 b,,,,
Kepler-194 c,,,,
Kepler-194 d,,,,
Kepler-195 b,,,,
Kepler-195 c,,,,
Kepler-196 b,,,,
Kepler-196 c,,,,
Kepler-197 b,,,,
Kepler-193 b,,,,
Kepler-193 c,,,,
Kepler-194 b,,,,
Kepler-194 c,,,,
Kepler-194 d,,,,
Kepler-195 b,,,,
Kepler-195 c,,,,
Kepler-196 b,,,,
Kepler-196 c,,,,
Kepler-197 b,,,,
Kepler-193 b,,,,
Kepler-193 c,,,,
Kepler-194 b,,,,
Kepler-194 c,,,,
Kepler-194 d,,,,
Kepler-195 b,,,,
Kepler-195 c,,,,
Kepler-196 b,,,,
Kepler-196 c,,,,
Kepler-197 b,,,,
Kepler-193 b,,,,
Kepler-193 c,,,,
Kepler-194 b,,,,
Kepler-194 c,,,,
Kepler-194 d,,,,
Kepler-195 b,,,,
Kepler-195 c,,,,
Kepler-196 b,,,,
Kepler-196 c,,,,
Kepler-197 b,,,,
Kepler-193 b,,,,
Kepler-193 c,,,,
Kepler-194 b,,,,
Kepler-194 c,,,,
Kepler-194 d,,,,
Kepler-195 b,,,,
Kepler-195 c,,,,
Kepler-196 b,,,,
Kepler-196 c,,,,
Kepler-197 b,,,,
Kepler-197 c,,,,
Kepler-197 d,,,,
Kepler-197 e,,,,
Kepler-198 b,,,,
Kepler-198 c,,,,
Kepler-198 d,,,,
Kepler-199 b,,,,
Kepler-199 c,,,,
Kepler-19 b,,,,
Kepler-19 c,,,,
Kepler-197 c,,,,
Kepler-197 d,,,,
Kepler-197 e,,,,
Kepler-198 b,,,,
Kepler-198 c,,,,
Kepler-198 d,,,,
Kepler-199 b,,,,
Kepler-199 c,,,,
Kepler-19 b,,,,
Kepler-19 c,,,,
Kepler-197 c,,,,
Kepler-197 d,,,,
Kepler-197 e,,,,
Kepler-198 b,,,,
Kepler-198 c,,,,
Kepler-198 d,,,,
Kepler-199 b,,,,
Kepler-199 c,,,,
Kepler-19 b,,,,
Kepler-19 c,,,,
Kepler-197 c,,,,
Kepler-197 d,,,,
Kepler-197 e,,,,
Kepler-198 b,,,,
Kepler-198 c,,,,
Kepler-198 d,,,,
Kepler-199 b,,,,
Kepler-199 c,,,,
Kepler-19 b,,,,
Kepler-19 c,,,,
Kepler-204 b,,,,
Kepler-204 c,,,,
Kepler-205 b,,,,
Kepler-205 c,,,,
Kepler-206 b,,,,
Kepler-206 c,,,,
Kepler-206 d,,,,
Kepler-207 b,,,,
Kepler-207 c,,,,
Kepler-207 d,,,,
Kepler-204 b,,,,
Kepler-204 c,,,,
Kepler-205 b,,,,
Kepler-205 c,,,,
Kepler-206 b,,,,
Kepler-206 c,,,,
Kepler-206 d,,,,
Kepler-207 b,,,,
Kepler-207 c,,,,
Kepler-207 d,,,,
Kepler-20 f,,,,
Kepler-20 g,,,,
Kepler-210 b,,,,
Kepler-210 c,,,,
Kepler-211 b,,,,
Kepler-211 c,,,,
Kepler-212 b,,,,
Kepler-212 c,,,,
Kepler-213 b,,,,
Kepler-213 c,,,,
Kepler-214 b,,,,
Kepler-214 c,,,,
Kepler-215 b,,,,
Kepler-215 c,,,,
Kepler-215 d,,,,
Kepler-215 e,,,,
Kepler-216 b,,,,
Kepler-216 c,,,,
Kepler-217 b,,,,
Kepler-217 c,,,,
Kepler-214 b,,,,
Kepler-214 c,,,,
Kepler-215 b,,,,
Kepler-215 c,,,,
Kepler-215 d,,,,
Kepler-215 e,,,,
Kepler-216 b,,,,
Kepler-216 c,,,,
Kepler-217 b,,,,
Kepler-217 c,,,,
Kepler-214 b,,,,
Kepler-214 c,,,,
Kepler-215 b,,,,
Kepler-215 c,,,,
Kepler-215 d,,,,
Kepler-215 e,,,,
Kepler-216 b,,,,
Kepler-216 c,,,,
Kepler-217 b,,,,
Kepler-217 c,,,,
Kepler-214 b,,,,
Kepler-214 c,,,,
Kepler-215 b,,,,
Kepler-215 c,,,,
Kepler-215 d,,,,
Kepler-215 e,,,,
Kepler-216 b,,,,
Kepler-216 c,,,,
Kepler-217 b,,,,
Kepler-217 c,,,,
Kepler-214 b,,,,
Kepler-214 c,,,,
Kepler-215 b,,,,
Kepler-215 c,,,,
Kepler-215 d,,,,
Kepler-215 e,,,,
Kepler-216 b,,,,
Kepler-216 c,,,,
Kepler-217 b,,,,
Kepler-217 c,,,,
Kepler-214 b,,,,
Kepler-214 c,,,,
Kepler-215 b,,,,
Kepler-215 c,,,,
Kepler-215 d,,,,
Kepler-215 e,,,,
Kepler-216 b,,,,
Kepler-216 c,,,,
Kepler-217 b,,,,
Kepler-217 c,,,,
